dataset_name,split,source_split,raw_sha256,image_sha256,binary_label,consensus_family,family_label_status,family_label_votes,family_label_engine_count,family_label_confidence,vt_report_path,dataset_image_path,source,file_kind,original_family_field,benchmark_name,inclusion_reason,exclusion_reason,skip_reason
VIBEX-50K,test,test,c8dc4bcd594a40c6b9c023e4e2b1f26cc4c342f96f81d1c1b7b292be93452d93,6580109d8990e0ee29c009f35206c11de2d1eb3ef04652af49aaf74d5a26a2e1,malware,unlabelled,unlabelled,,,,,/home/phil/vibex_secure_dataset/release/VIBEX-50K/data/test/malware/c8dc4bcd594a40c6b9c023e4e2b1f26cc4c342f96f81d1c1b7b292be93452d93.png,virusshare_00499,elf,VirusShare_99d472e4de98c143d9128497a276ecff,family_extended,,excluded_unlabelled,non_pe_mz:elf
VIBEX-50K,test,test,d6125ddd89f1eb12db36f9eee21bbb28cde5926671792517eaa68caf7ef80b1e,4cce920538e0e681a64572f20e1f63c826eb3184466a006e216780f11bdbc508,malware,unlabelled,unlabelled,,,,,/home/phil/vibex_secure_dataset/release/VIBEX-50K/data/test/malware/d6125ddd89f1eb12db36f9eee21bbb28cde5926671792517eaa68caf7ef80b1e.png,virusshare_00499,elf,VirusShare_3d099e4f22fbba6768d73ec03173de35,family_extended,,excluded_unlabelled,non_pe_mz:elf
VIBEX-50K,test,test,0c85f8b819ff93f0e8d0373a78112f1a784687ad22b01751233985606a1d8de7,c02a98206cb6d4bae9475c9805fe82cd6b191c925de73d176b25368c9802afe4,malware,unlabelled,unlabelled,,,,,/home/phil/vibex_secure_dataset/release/VIBEX-50K/data/test/malware/0c85f8b819ff93f0e8d0373a78112f1a784687ad22b01751233985606a1d8de7.png,virusshare_00499,elf,VirusShare_807c3856e2153fc587b420208650b58a,family_extended,,excluded_unlabelled,non_pe_mz:elf
VIBEX-50K,test,test,c2515ea48f0053b467e0315216212a05f4bb0ab7dfe372d06d580defe6fef6a4,5f6b67a9712755ee47dbb9a121f3f2dfa6de94616ed559b0da28ab3ef2fa3fce,malware,unlabelled,unlabelled,,,,,/home/phil/vibex_secure_dataset/release/VIBEX-50K/data/test/malware/c2515ea48f0053b467e0315216212a05f4bb0ab7dfe372d06d580defe6fef6a4.png,virusshare_00499,elf,VirusShare_2c5ae383f3d226d6d2d22310b5fe2397,family_extended,,excluded_unlabelled,non_pe_mz:elf
VIBEX-50K,test,test,e5a3e107be14eee764377d522afc852e5cf01271f8b04cb9a1e630f27f13b6e2,9e384557ca85d3f8bbf2f4f2d1e72ce5e3ae1374a33a973ec06671938f77dda0,malware,unlabelled,unlabelled,,,,,/home/phil/vibex_secure_dataset/release/VIBEX-50K/data/test/malware/e5a3e107be14eee764377d522afc852e5cf01271f8b04cb9a1e630f27f13b6e2.png,virusshare_00499,elf,VirusShare_651e49b2dc1810d8b2e64dca1b8b4bb5,family_extended,,excluded_unlabelled,non_pe_mz:elf
VIBEX-50K,test,test,c2ea41c0dbd4cef3c283c8b48c90c9615bc17fde0634bfc4840aa8dd232e14c7,6d6d087785ab3e3524bf71b6e1efebb7a712fa8dc620114ec5824950b6e07af8,malware,unlabelled,unlabelled,,,,,/home/phil/vibex_secure_dataset/release/VIBEX-50K/data/test/malware/c2ea41c0dbd4cef3c283c8b48c90c9615bc17fde0634bfc4840aa8dd232e14c7.png,virusshare_00499,elf,VirusShare_666dbaa1c81f1a94e4f5035bdecf198c,family_extended,,excluded_unlabelled,non_pe_mz:elf
VIBEX-50K,test,test,77e083817c94a9fcf59c44efbfbd14d58b54f0f86eadb31317e261abf049cdd0,9a9fa792c9983b7999f29cadaeff7f04df376c30e0e637dbd18979b2aa5a68b7,malware,unlabelled,unlabelled,,,,,/home/phil/vibex_secure_dataset/release/VIBEX-50K/data/test/malware/77e083817c94a9fcf59c44efbfbd14d58b54f0f86eadb31317e261abf049cdd0.png,virusshare_00499,elf,VirusShare_9cb77d4ce4dcdf41bd39eeab5b2dac86,family_extended,,excluded_unlabelled,non_pe_mz:elf
VIBEX-50K,test,test,b060ea55425bfc04542c7fef994bb5b508a56acc273007be0a559f73f68691cd,51e3ea5f62ac4d3cb83d7a2019c29c65544768b34f348b943f8b5ab49d5457ba,malware,unlabelled,unlabelled,,,,,/home/phil/vibex_secure_dataset/release/VIBEX-50K/data/test/malware/b060ea55425bfc04542c7fef994bb5b508a56acc273007be0a559f73f68691cd.png,virusshare_00499,elf,VirusShare_a431d05607bc7506ba38f0bbf4610879,family_extended,,excluded_unlabelled,non_pe_mz:elf
VIBEX-50K,test,test,064361277ada65603ad8ba9240cd7c1a728b463531e15dd8443122aff5967ead,c2dd387282d50eb599f120d440c2a81533ab6b6f60aad1158e554837a7c92304,malware,getshell,labelled,14,38,0.368421,/home/phil/vibex_secure_dataset/evidence/virustotal/VIBEX-50K/064361277ada65603ad8ba9240cd7c1a728b463531e15dd8443122aff5967ead.json,/home/phil/vibex_secure_dataset/release/VIBEX-50K/data/test/malware/064361277ada65603ad8ba9240cd7c1a728b463531e15dd8443122aff5967ead.png,virusshare_00499,elf,VirusShare_67d15e2bb53a3fd75b239408641006eb,family_extended,,excluded_unstable_family,non_pe_mz:elf
VIBEX-50K,test,test,bc588686fc70e31bc23b12abb6af4e92eb9cfd9bdb915e90a5d636bd542ffa03,967a9c2a9b25b95bcbe94b1ed500274866600deb91bec079b191d5d0ff92221a,malware,unlabelled,unlabelled,,,,,/home/phil/vibex_secure_dataset/release/VIBEX-50K/data/test/malware/bc588686fc70e31bc23b12abb6af4e92eb9cfd9bdb915e90a5d636bd542ffa03.png,virusshare_00499,elf,VirusShare_b03d6733e8ad6f3745ee2b3637aa47ee,family_extended,,excluded_unlabelled,non_pe_mz:elf
VIBEX-50K,test,test,c27876a33ba37c3f7699c786093be8f1e4d4acd49fa12f68faa910d3063704cb,9aec43d5a6ca4605e5c365aff6ff058a8a409d54d3e6b38d9b12841a00122c02,malware,unlabelled,unlabelled,,,,,/home/phil/vibex_secure_dataset/release/VIBEX-50K/data/test/malware/c27876a33ba37c3f7699c786093be8f1e4d4acd49fa12f68faa910d3063704cb.png,virusshare_00499,elf,VirusShare_24f0785f828aea45e5bf3ae29a97f53a,family_extended,,excluded_unlabelled,non_pe_mz:elf
VIBEX-50K,test,test,1abcd7e645621d0ed1c02b380a4e574a8cf6490d503043fb76789f4d3a3a5461,935cd605c633c2fece94c118ee0a5387bbbad8f788fafae6f9037493a52d9d7b,malware,unlabelled,unlabelled,,,,,/home/phil/vibex_secure_dataset/release/VIBEX-50K/data/test/malware/1abcd7e645621d0ed1c02b380a4e574a8cf6490d503043fb76789f4d3a3a5461.png,virusshare_00499,elf,VirusShare_eba1621f977cc60c4ea0612cedce68fb,family_extended,,excluded_unlabelled,non_pe_mz:elf
VIBEX-50K,test,test,101baa948aefb6af54072912d31a18ffef55538f20b1e3c1a1aeecd29f0a5314,5d1de1d2a10a9425802cb7c7d9c31af50b98c1ef9fa6705de8380cdb60cc699d,malware,unlabelled,unlabelled,,,,,/home/phil/vibex_secure_dataset/release/VIBEX-50K/data/test/malware/101baa948aefb6af54072912d31a18ffef55538f20b1e3c1a1aeecd29f0a5314.png,virusshare_00499,elf,VirusShare_e2c9cd0a3a2e217273bf47a5ee311ced,family_extended,,excluded_unlabelled,non_pe_mz:elf
VIBEX-50K,test,test,e21cf833f2248255cece403935c588d8521bad5d39c7328aca3c985e1b8c2d77,75dfab5fc2f3a60e740d43f1718d8f329feb79b67384bd645454852aad961768,malware,unlabelled,unlabelled,,,,,/home/phil/vibex_secure_dataset/release/VIBEX-50K/data/test/malware/e21cf833f2248255cece403935c588d8521bad5d39c7328aca3c985e1b8c2d77.png,virusshare_00499,elf,VirusShare_10cd28a40a2bc48e64af8bc3bf344a45,family_extended,,excluded_unlabelled,non_pe_mz:elf
VIBEX-50K,test,test,2b6d5182cb8599b4a327aea4bd2609521f40ce28f9cbcb07f99ffeaeb6aa675c,ea28f39bbcc8cb8aaf79af1210629d3267d1e418b50d915b77e158d4f7b90b9a,malware,generickd,labelled,9,22,0.409091,/home/phil/vibex_secure_dataset/evidence/virustotal/VIBEX-50K/2b6d5182cb8599b4a327aea4bd2609521f40ce28f9cbcb07f99ffeaeb6aa675c.json,/home/phil/vibex_secure_dataset/release/VIBEX-50K/data/test/malware/2b6d5182cb8599b4a327aea4bd2609521f40ce28f9cbcb07f99ffeaeb6aa675c.png,virusshare_00499,elf,VirusShare_3a1c7ea6ace6e1821d3fcd065a2f1a4e,family_extended,,excluded_generic_family,non_pe_mz:elf
VIBEX-50K,test,test,135e9b4b1d7e96fe53b9fd84baacd057b124bc6e143dbce7039d23f707e27661,345399f35cf2e3dd75ec7588447e3fdd8e612333b0d447ceb741e7188f2ff05b,malware,unlabelled,unlabelled,,,,,/home/phil/vibex_secure_dataset/release/VIBEX-50K/data/test/malware/135e9b4b1d7e96fe53b9fd84baacd057b124bc6e143dbce7039d23f707e27661.png,virusshare_00499,elf,VirusShare_44bd778a3ef95fa4467ef5664936ee86,family_extended,,excluded_unlabelled,non_pe_mz:elf
VIBEX-50K,test,test,42fe36872cb00f316fe7e28953dad85e123122c22dd6df565b21803c5e156888,0a17817ba7c26e13f7846979ab51975de7ebad4e0bba2f70661958c1a7d6982a,malware,unlabelled,unlabelled,,,,,/home/phil/vibex_secure_dataset/release/VIBEX-50K/data/test/malware/42fe36872cb00f316fe7e28953dad85e123122c22dd6df565b21803c5e156888.png,virusshare_00499,elf,VirusShare_1c1d4dc2650676f57d77b822f3e10bd1,family_extended,,excluded_unlabelled,non_pe_mz:elf
VIBEX-50K,test,test,1f3d225bb9926e8a2eaec95d008782d0843372350c1b06088bde936a38eeccef,c03f6e14258b05a9ff64987ecf97f58766cbe1daee44b8fd7727b8df0b51cc04,malware,unlabelled,unlabelled,,,,,/home/phil/vibex_secure_dataset/release/VIBEX-50K/data/test/malware/1f3d225bb9926e8a2eaec95d008782d0843372350c1b06088bde936a38eeccef.png,virusshare_00499,elf,VirusShare_ff204b73f859ef38226bc88003a53e90,family_extended,,excluded_unlabelled,non_pe_mz:elf
VIBEX-50K,test,test,7ae909b2483f56931f1d0a5287adfc597a84662aa6c4d289a6042e1ab2441ee0,a076a2515249d2c3c618bdbcdc0204d6254099100bb9f99cf08d77685249ccd1,malware,unlabelled,unlabelled,,,,,/home/phil/vibex_secure_dataset/release/VIBEX-50K/data/test/malware/7ae909b2483f56931f1d0a5287adfc597a84662aa6c4d289a6042e1ab2441ee0.png,virusshare_00499,elf,VirusShare_608d88fe474a30c19610827d018dc489,family_extended,,excluded_unlabelled,non_pe_mz:elf
VIBEX-50K,test,test,f7ab3a28b626d079d8c5514a47f3a063f301172b3fed8845d57b48d2a1f743f9,bc27c259494aed62b7534ed81d03bf8fb21dacd1440ea40bdb0939f6bdc11c38,malware,unlabelled,unlabelled,,,,,/home/phil/vibex_secure_dataset/release/VIBEX-50K/data/test/malware/f7ab3a28b626d079d8c5514a47f3a063f301172b3fed8845d57b48d2a1f743f9.png,virusshare_00499,elf,VirusShare_49dca3f2b52c408ff46816f2294b806e,family_extended,,excluded_unlabelled,non_pe_mz:elf
VIBEX-50K,test,test,5262ef8b017e418a7150eee983f2094eacb787faba899790b4e1f734ba77c3a1,03921ae0910804ec4e4724d4e22d87c0967f6973782714a054cffbfb65cc25ed,malware,unlabelled,unlabelled,,,,,/home/phil/vibex_secure_dataset/release/VIBEX-50K/data/test/malware/5262ef8b017e418a7150eee983f2094eacb787faba899790b4e1f734ba77c3a1.png,virusshare_00499,elf,VirusShare_cd09a089968b5323b5a379ab56c707d3,family_extended,,excluded_unlabelled,non_pe_mz:elf
VIBEX-50K,test,test,71c160e2c7b80ca63ef5144546f93e167c008b0acc8ce7bca6523ff4228ce8e5,c7e4034ba725ee90c24d1519876a71e81d1073fe4f8c072a5962a85203bf8c53,malware,unlabelled,unlabelled,,,,,/home/phil/vibex_secure_dataset/release/VIBEX-50K/data/test/malware/71c160e2c7b80ca63ef5144546f93e167c008b0acc8ce7bca6523ff4228ce8e5.png,virusshare_00499,elf,VirusShare_02d5208424802924a60fab003a0a12d3,family_extended,,excluded_unlabelled,non_pe_mz:elf
VIBEX-50K,test,test,d45d025d4fc1bb11f1e88011b1da13cb894688967cb3bf9b1843dd5e18378f84,5f334ce6c90bd9876192e558fa954073cea01a44b30ff21b8c7f824c34f2ff8e,malware,unlabelled,unlabelled,,,,,/home/phil/vibex_secure_dataset/release/VIBEX-50K/data/test/malware/d45d025d4fc1bb11f1e88011b1da13cb894688967cb3bf9b1843dd5e18378f84.png,virusshare_00499,elf,VirusShare_dfd7772a081ffa5c17edf1cf5d6e8e1e,family_extended,,excluded_unlabelled,non_pe_mz:elf
VIBEX-50K,test,test,e8a02ad440c2be03487c9395adbfbcf50711f8c79b515c2b0c2ce3e5c18bff93,752bdffaf67a92c4d0141a4dceb5f4b87c405aa03ff8eab08032b7213b44c0e8,malware,unlabelled,unlabelled,,,,,/home/phil/vibex_secure_dataset/release/VIBEX-50K/data/test/malware/e8a02ad440c2be03487c9395adbfbcf50711f8c79b515c2b0c2ce3e5c18bff93.png,virusshare_00499,elf,VirusShare_f5a396362b934e0e351576351adbf386,family_extended,,excluded_unlabelled,non_pe_mz:elf
VIBEX-50K,test,test,4025c3bea4c6561e68ab8f2fb1c044f6eb40216d204534098b7c96ef6c26d993,72b74a1f4d380e0a8978891894a2c068d34be1f11c10ed425c90c0257938965f,malware,unlabelled,unlabelled,,,,,/home/phil/vibex_secure_dataset/release/VIBEX-50K/data/test/malware/4025c3bea4c6561e68ab8f2fb1c044f6eb40216d204534098b7c96ef6c26d993.png,virusshare_00499,elf,VirusShare_524b96927e840d84f4dc26e291ebb24b,family_extended,,excluded_unlabelled,non_pe_mz:elf
VIBEX-50K,test,test,e9af50f3a7848d917eb02ddf62ed1b4dc54ccc1b2740a93e51ef8339c06b684d,191f4cda31e1cceb1ef03852f075cebe1205b254d5d25959c12a3ed442556c13,malware,unlabelled,unlabelled,,,,,/home/phil/vibex_secure_dataset/release/VIBEX-50K/data/test/malware/e9af50f3a7848d917eb02ddf62ed1b4dc54ccc1b2740a93e51ef8339c06b684d.png,virusshare_00499,elf,VirusShare_a8249b262eb8f71ae4b40bdbd0c9b95f,family_extended,,excluded_unlabelled,non_pe_mz:elf
VIBEX-50K,test,test,21e448617882968ea666b89df33b96c594d851dfad3434640069b457c7bfd67f,92b4b8a0ec8e37e54370b8f3239af514bdf291126a16e33cb986b740c0932756,malware,unlabelled,unlabelled,,,,,/home/phil/vibex_secure_dataset/release/VIBEX-50K/data/test/malware/21e448617882968ea666b89df33b96c594d851dfad3434640069b457c7bfd67f.png,virusshare_00499,elf,VirusShare_ebffeebb068edc2d99752f048f80b583,family_extended,,excluded_unlabelled,non_pe_mz:elf
VIBEX-50K,test,test,8d8b9fc60ae8364227000d877af5ed5208cf49fd5ce2dc2f0d2eb5eade32eeff,bbe9cc043d869aaf1e22c2844669b415dc258018fc79dd22fa8444e6ab756ee6,malware,unlabelled,unlabelled,,,,,/home/phil/vibex_secure_dataset/release/VIBEX-50K/data/test/malware/8d8b9fc60ae8364227000d877af5ed5208cf49fd5ce2dc2f0d2eb5eade32eeff.png,virusshare_00499,elf,VirusShare_0ef9a64b02764c13c1c4224beddc1bc5,family_extended,,excluded_unlabelled,non_pe_mz:elf
VIBEX-50K,test,test,a23ef9411fef5b8a7c2c4dc5d7245b561937e110a2ad21eb1d984664b0491605,8f8bd0501be170a7098bdc4253cbdf9f9c2f38abab89949d4ef6cbd7924cba27,malware,unlabelled,unlabelled,,,,,/home/phil/vibex_secure_dataset/release/VIBEX-50K/data/test/malware/a23ef9411fef5b8a7c2c4dc5d7245b561937e110a2ad21eb1d984664b0491605.png,virusshare_00499,elf,VirusShare_cfec55c720cedbff7bc5ca9062e2f32d,family_extended,,excluded_unlabelled,non_pe_mz:elf
VIBEX-50K,test,test,db5f1edde9acdea563d51415db48587d8118db0ef0c9aeb1140e2433c183f613,055c4a11a49acffc53023b4299d2353cd789c7fdbd98f8788a04373817e75fcf,malware,unlabelled,unlabelled,,,,,/home/phil/vibex_secure_dataset/release/VIBEX-50K/data/test/malware/db5f1edde9acdea563d51415db48587d8118db0ef0c9aeb1140e2433c183f613.png,virusshare_00499,elf,VirusShare_e622596edeef7537607b27b02e79c19e,family_extended,,excluded_unlabelled,non_pe_mz:elf
VIBEX-50K,test,test,dc658cbd0da1e0dec652c7eee703c204ec803f66d15d47e127e9a72ffe4a204c,8b3bdb31ae10819fff36d7e637bd769487f825c7dcf6223dd641b9519a7b243b,malware,unlabelled,unlabelled,,,,,/home/phil/vibex_secure_dataset/release/VIBEX-50K/data/test/malware/dc658cbd0da1e0dec652c7eee703c204ec803f66d15d47e127e9a72ffe4a204c.png,virusshare_00499,elf,VirusShare_2ab90a57d4c5e6bfd1a5e599463d7699,family_extended,,excluded_unlabelled,non_pe_mz:elf
VIBEX-50K,test,test,32ae714a2880d54889f1c2e9ca2d0ce2666029208702af06981888cc99041512,5cbf0ff1cb39c3d3cf18a022e17ade8767d5020d820f481da8fe348e873859d2,malware,unlabelled,unlabelled,,,,,/home/phil/vibex_secure_dataset/release/VIBEX-50K/data/test/malware/32ae714a2880d54889f1c2e9ca2d0ce2666029208702af06981888cc99041512.png,virusshare_00499,elf,VirusShare_cc98447319ddb9ab01f5d42e5a395909,family_extended,,excluded_unlabelled,non_pe_mz:elf
VIBEX-50K,test,test,7cb8df1ec5e810bf42b3cd9fca3c28a2117f696cd800dc8620f34fdf622448bd,49da47cdd43e82be04ffe483d5f9e2745374f1432401fc11672324faa92c6bd7,malware,unlabelled,unlabelled,,,,,/home/phil/vibex_secure_dataset/release/VIBEX-50K/data/test/malware/7cb8df1ec5e810bf42b3cd9fca3c28a2117f696cd800dc8620f34fdf622448bd.png,virusshare_00499,elf,VirusShare_aae9f526e0bd07a7ed8546f01956758b,family_extended,,excluded_unlabelled,non_pe_mz:elf
VIBEX-50K,train,train,004474b5dac0fcf33edb4b2bb596953f2c477a3c8bac007b109e1fe60c9dde3c,b39d5208a88f9e5c15ce00ec944da3f05272d80b77eb8e941c9cfa848d45a321,malware,gafgyt,labelled,21,35,0.6,/home/phil/vibex_secure_dataset/evidence/virustotal/VIBEX-50K/004474b5dac0fcf33edb4b2bb596953f2c477a3c8bac007b109e1fe60c9dde3c.json,/home/phil/vibex_secure_dataset/release/VIBEX-50K/data/train/malware/004474b5dac0fcf33edb4b2bb596953f2c477a3c8bac007b109e1fe60c9dde3c.png,virusshare_00499,elf,VirusShare_7f389e94832cba5452923098333c0cc9,family_extended,,excluded_unstable_family,non_pe_mz:elf
VIBEX-50K,train,train,ee621c52780537bccf75af32f778c46aee8e6496f2181f28954a832bf0756733,78027400243523e041fd580d5bc5c3c565ee7e8ad7133fe07129567d78273e04,malware,unlabelled,unlabelled,,,,,/home/phil/vibex_secure_dataset/release/VIBEX-50K/data/train/malware/ee621c52780537bccf75af32f778c46aee8e6496f2181f28954a832bf0756733.png,virusshare_00499,elf,VirusShare_4989f48133dea42ba9c5904fce42f2ca,family_extended,,excluded_unlabelled,non_pe_mz:elf
VIBEX-50K,train,train,c8d43d8f286a89d9bd8a051228c71a705590c5ae329528d89688509c5c86f5d5,79b959876466404f8361b6e04521a1dcf4175ad086ef1f199caee12e6367e947,malware,unlabelled,unlabelled,,,,,/home/phil/vibex_secure_dataset/release/VIBEX-50K/data/train/malware/c8d43d8f286a89d9bd8a051228c71a705590c5ae329528d89688509c5c86f5d5.png,virusshare_00499,elf,VirusShare_9fe40de16d1a5bfa9c3a568cb6c8eb4b,family_extended,,excluded_unlabelled,non_pe_mz:elf
VIBEX-50K,train,train,6db70b0aeb29ba9cbf062b6d19f6956853a5ae992268ca64ac09e96e00fcb641,850d37faf9e95c62a39ccc2535272671173a99fd76dcfd00d1b862095b8406b6,malware,unlabelled,unlabelled,,,,,/home/phil/vibex_secure_dataset/release/VIBEX-50K/data/train/malware/6db70b0aeb29ba9cbf062b6d19f6956853a5ae992268ca64ac09e96e00fcb641.png,virusshare_00499,elf,VirusShare_ae1588f29af17ce324b9556d66c14d31,family_extended,,excluded_unlabelled,non_pe_mz:elf
VIBEX-50K,train,train,baced7a28b0a3939f14d107f4b678cbc79dbb87538cfd9c3e2bc5651e679d6ef,467c250685443ef22449a971b778d94612b421321f1ba08060d1ba562a8fcf13,malware,unlabelled,unlabelled,,,,,/home/phil/vibex_secure_dataset/release/VIBEX-50K/data/train/malware/baced7a28b0a3939f14d107f4b678cbc79dbb87538cfd9c3e2bc5651e679d6ef.png,virusshare_00499,elf,VirusShare_411557efe5b940ad20d29e3548ca08ec,family_extended,,excluded_unlabelled,non_pe_mz:elf
VIBEX-50K,train,train,c21890a2395c85da779912011b1125cdb5e69c71d0a624783992414a40fca007,f2d8e070f5da1a29aea7ca935d50932cb0131836c5c386dd2de680c56c218c02,malware,unlabelled,unlabelled,,,,,/home/phil/vibex_secure_dataset/release/VIBEX-50K/data/train/malware/c21890a2395c85da779912011b1125cdb5e69c71d0a624783992414a40fca007.png,virusshare_00499,elf,VirusShare_24178d0eb976941253a5bed3fb1ea3bd,family_extended,,excluded_unlabelled,non_pe_mz:elf
VIBEX-50K,train,train,6f31c5fba827883fb18a33276c4d08e7e0c0142bea3befe5f2d2968d5ccdb7ab,0ce62f168874b1ba0f286e4c090539107b6243aec254cf79c4a509c525cc24f7,malware,unlabelled,unlabelled,,,,,/home/phil/vibex_secure_dataset/release/VIBEX-50K/data/train/malware/6f31c5fba827883fb18a33276c4d08e7e0c0142bea3befe5f2d2968d5ccdb7ab.png,virusshare_00499,elf,VirusShare_a9c50dfe0d23937066541742c9c3a248,family_extended,,excluded_unlabelled,non_pe_mz:elf
VIBEX-50K,train,train,d8f115bda66f14299122a7891f451fd4ba7a60c8c2f9102d5df0ab8180ea0c0f,7402dbc96856913a37feb735da8ca53299d48a6d231a2ccfa7118ace75ecd06f,malware,unlabelled,unlabelled,,,,,/home/phil/vibex_secure_dataset/release/VIBEX-50K/data/train/malware/d8f115bda66f14299122a7891f451fd4ba7a60c8c2f9102d5df0ab8180ea0c0f.png,virusshare_00499,elf,VirusShare_51b8237fa40bf4a75e6794fccf97b032,family_extended,,excluded_unlabelled,non_pe_mz:elf
VIBEX-50K,train,train,3e3c2ffb6bc7c64e3f8e2d348f4636fd1561e135804a736d7b680fa72f43f392,f99f28d80343e70567fd7fe0b9479897ac4597250b4f6d8e2d4e6fbe84dea422,malware,mirai,labelled,20,31,0.645161,/home/phil/vibex_secure_dataset/evidence/virustotal/VIBEX-50K/3e3c2ffb6bc7c64e3f8e2d348f4636fd1561e135804a736d7b680fa72f43f392.json,/home/phil/vibex_secure_dataset/release/VIBEX-50K/data/train/malware/3e3c2ffb6bc7c64e3f8e2d348f4636fd1561e135804a736d7b680fa72f43f392.png,virusshare_00499,elf,VirusShare_0d51b8e17267e1266d45a1f9464e2492,family_extended,,excluded_unstable_family,non_pe_mz:elf
VIBEX-50K,train,train,c78d7b944e98b1e4dedc82127d374fb0c27005f797b0e6f4b0825c2cb90a7ba5,d1feb10f688c51d3786d7d220f37029b32398f1331a096151b356f0668692083,malware,unlabelled,unlabelled,,,,,/home/phil/vibex_secure_dataset/release/VIBEX-50K/data/train/malware/c78d7b944e98b1e4dedc82127d374fb0c27005f797b0e6f4b0825c2cb90a7ba5.png,virusshare_00499,elf,VirusShare_12960eeb1f233b9fe89ccf000ea7c7bc,family_extended,,excluded_unlabelled,non_pe_mz:elf
VIBEX-50K,train,train,6172f6f3caf685fa979921ffe1f0b3491e558026c27d684defc236a3e4cdd38a,0ad3aeade3da529da5638e465aacedbc284693192e0ea56b6c4a8aa96ad46575,malware,unlabelled,unlabelled,,,,,/home/phil/vibex_secure_dataset/release/VIBEX-50K/data/train/malware/6172f6f3caf685fa979921ffe1f0b3491e558026c27d684defc236a3e4cdd38a.png,virusshare_00499,elf,VirusShare_872ac63815bf215c40b48db2f1bcc985,family_extended,,excluded_unlabelled,non_pe_mz:elf
VIBEX-50K,train,train,54ef914e936b6f36f2ed6051ccb9971b18ec81670bd19ffee3137e3407a6e1e4,e7e00f80fe0f65357a70e98857214a97e75edbe653b96db495d92cd1f7ce03d8,malware,unlabelled,unlabelled,,,,,/home/phil/vibex_secure_dataset/release/VIBEX-50K/data/train/malware/54ef914e936b6f36f2ed6051ccb9971b18ec81670bd19ffee3137e3407a6e1e4.png,virusshare_00499,elf,VirusShare_4b4e9862102c76b62c147fdcbaf94f77,family_extended,,excluded_unlabelled,non_pe_mz:elf
VIBEX-50K,train,train,69d63af9fbb5cc65cca138adcfb84480ac3b8e18c2694a32582bbd2a7e453fc0,b2c6855529848991db004e10228497a2491c5d00a88813feedf58e41328d4fe2,malware,unlabelled,unlabelled,,,,,/home/phil/vibex_secure_dataset/release/VIBEX-50K/data/train/malware/69d63af9fbb5cc65cca138adcfb84480ac3b8e18c2694a32582bbd2a7e453fc0.png,virusshare_00499,elf,VirusShare_d032377085229e482f27a351ea18b9b1,family_extended,,excluded_unlabelled,non_pe_mz:elf
VIBEX-50K,train,train,b5fd5db607973caebe316c037ad5db0abd68a4a874c439180863dca2fb4227c8,3f2599fcc0939329bec42052554f13e425f716b5dbc3c59dbec31a58ee09a608,malware,unlabelled,unlabelled,,,,,/home/phil/vibex_secure_dataset/release/VIBEX-50K/data/train/malware/b5fd5db607973caebe316c037ad5db0abd68a4a874c439180863dca2fb4227c8.png,virusshare_00499,elf,VirusShare_eda9e3d7856b062d3b18f63170aecf5a,family_extended,,excluded_unlabelled,non_pe_mz:elf
VIBEX-50K,train,train,f2e9f305e05240b83c7641047e7aedc13e60d5752b2f0457fc011e3abc0766d7,934f5e3f02f6ec9b12ca31cc325a37bf2a76e8342fcdd668d14afebdc4871e04,malware,unlabelled,unlabelled,,,,,/home/phil/vibex_secure_dataset/release/VIBEX-50K/data/train/malware/f2e9f305e05240b83c7641047e7aedc13e60d5752b2f0457fc011e3abc0766d7.png,virusshare_00499,elf,VirusShare_722e09e8bd6d3598d6d8b0113248a7b3,family_extended,,excluded_unlabelled,non_pe_mz:elf
VIBEX-50K,train,train,31244b08a8cdf046bf6a0c2b2d063e44e7ce74845ec1859498441a4904e09128,9bde96cc15d161f0c8792b002717117e304c65001e8988674a2937648b5b065d,malware,unlabelled,unlabelled,,,,,/home/phil/vibex_secure_dataset/release/VIBEX-50K/data/train/malware/31244b08a8cdf046bf6a0c2b2d063e44e7ce74845ec1859498441a4904e09128.png,virusshare_00499,elf,VirusShare_0b2a6c2700c67cd1d63205cc1597fb15,family_extended,,excluded_unlabelled,non_pe_mz:elf
VIBEX-50K,train,train,d3800d78817d706f856e89a949d1c7b89291f3891ce5f806e1ac08854efb5dd4,d020668b415e01bfb1b6e5a3b8374f5d0700b231b8766fc2d5afe46da8aeb15e,malware,unlabelled,unlabelled,,,,,/home/phil/vibex_secure_dataset/release/VIBEX-50K/data/train/malware/d3800d78817d706f856e89a949d1c7b89291f3891ce5f806e1ac08854efb5dd4.png,virusshare_00499,elf,VirusShare_357ec3850a8435bab59542f0de81d594,family_extended,,excluded_unlabelled,non_pe_mz:elf
VIBEX-50K,train,train,e615829b776903377c3ef3a409db15372ef802f5c937ae16313d57b611fa868c,96ca34cfe88f68a31837da8db5c85dca2f4fe4bcc11a97df070aec9dcb7ca85c,malware,unlabelled,unlabelled,,,,,/home/phil/vibex_secure_dataset/release/VIBEX-50K/data/train/malware/e615829b776903377c3ef3a409db15372ef802f5c937ae16313d57b611fa868c.png,virusshare_00499,elf,VirusShare_f25b463d22b225b8fdf7f3a5ed4b19bf,family_extended,,excluded_unlabelled,non_pe_mz:elf
VIBEX-50K,train,train,2a3525db77e3a71b5b05ba178cadf04118befec7d2d7f2ec3df35cc2a0cbd1a5,2fd14a70ed87059e3b9802d94fb8fd66861cb12e9b5038c2262d9ba5cc45d9c0,malware,unlabelled,unlabelled,,,,,/home/phil/vibex_secure_dataset/release/VIBEX-50K/data/train/malware/2a3525db77e3a71b5b05ba178cadf04118befec7d2d7f2ec3df35cc2a0cbd1a5.png,virusshare_00499,elf,VirusShare_86b2141d97d0740fa36e929b35dcc7e4,family_extended,,excluded_unlabelled,non_pe_mz:elf
VIBEX-50K,train,train,f83531f649918fabdba754c617939c9ef2a9f884188d54277cca2139e46822b4,12e7c3e7f9e7b7c126b849f695566539dfb95af36cd207ed87de20b52105c8cb,malware,unlabelled,unlabelled,,,,,/home/phil/vibex_secure_dataset/release/VIBEX-50K/data/train/malware/f83531f649918fabdba754c617939c9ef2a9f884188d54277cca2139e46822b4.png,virusshare_00499,elf,VirusShare_fa44e2fa9dcaedf10ca7d3cd9b456dc8,family_extended,,excluded_unlabelled,non_pe_mz:elf
VIBEX-50K,train,train,0c1e15bb69ab2be09dcf3f69acdae2dc2b4dd04ed9226a62b125b28b6aefbec2,34007747861f2ba8ddae7ebf7e75a97ceb45ae837c8260378bb9572f6c785ed5,malware,unlabelled,unlabelled,,,,,/home/phil/vibex_secure_dataset/release/VIBEX-50K/data/train/malware/0c1e15bb69ab2be09dcf3f69acdae2dc2b4dd04ed9226a62b125b28b6aefbec2.png,virusshare_00499,elf,VirusShare_60a09f4117b00d29e7343d2937ce560f,family_extended,,excluded_unlabelled,non_pe_mz:elf
VIBEX-50K,train,train,a7f4677f152ba5e0b3314d631abd931fad4aa3528568181b62b3fdece4f2c96d,06daa6d1b1394f71deee0cbe53be42e85e948737024c4376937ce5a7686a915a,malware,unlabelled,unlabelled,,,,,/home/phil/vibex_secure_dataset/release/VIBEX-50K/data/train/malware/a7f4677f152ba5e0b3314d631abd931fad4aa3528568181b62b3fdece4f2c96d.png,virusshare_00499,elf,VirusShare_9b612cda7b0d6f7ddc17c9eef9c8c079,family_extended,,excluded_unlabelled,non_pe_mz:elf
VIBEX-50K,train,train,7a104d520a9dcaf3da9ac5efb34b748fdfb472d320832db3d44566f7b5b7b9b3,844dbdba655a10130a87afb8a4071d1e7f61566443c1815d90f5b2e5059c6d5c,malware,unlabelled,unlabelled,,,,,/home/phil/vibex_secure_dataset/release/VIBEX-50K/data/train/malware/7a104d520a9dcaf3da9ac5efb34b748fdfb472d320832db3d44566f7b5b7b9b3.png,virusshare_00499,elf,VirusShare_6bba65ff5c9b3de485c41656caab3b81,family_extended,,excluded_unlabelled,non_pe_mz:elf
VIBEX-50K,train,train,0ecb504052cda348001cc8674feff253db780d300a30dd8930d9d0f7819ff258,69215c707baeeeb952c9fc4372470b4365930b94c466e02548b4f72cbc992c82,malware,unlabelled,unlabelled,,,,,/home/phil/vibex_secure_dataset/release/VIBEX-50K/data/train/malware/0ecb504052cda348001cc8674feff253db780d300a30dd8930d9d0f7819ff258.png,virusshare_00499,elf,VirusShare_23450484ff1c563c8342360aeb55b9b8,family_extended,,excluded_unlabelled,non_pe_mz:elf
VIBEX-50K,train,train,074d45dfbc0b511184ec73419fcd9c90d4dada6f80a0c3cc97c053f12faf611b,5be80cea5353a5532fbcd869a6fb1104cdfe5f60668930b72b7d88297736eb31,malware,cobaltstrike,labelled,3,7,0.428571,/home/phil/vibex_secure_dataset/evidence/virustotal/VIBEX-50K/074d45dfbc0b511184ec73419fcd9c90d4dada6f80a0c3cc97c053f12faf611b.json,/home/phil/vibex_secure_dataset/release/VIBEX-50K/data/train/malware/074d45dfbc0b511184ec73419fcd9c90d4dada6f80a0c3cc97c053f12faf611b.png,virusshare_00499,elf,VirusShare_1825acb2aa34b379cb0c4aaa7c819689,family_extended,,excluded_unstable_family,non_pe_mz:elf
VIBEX-50K,train,train,701bf3eaaf157fb948f56db2a8ecd68bbd66fdaae3014efaeff41f76c6421610,dce2ef610b6fb5eab60509b590a080317c8483e8d5a60b94f53921620b92ba0d,malware,unlabelled,unlabelled,,,,,/home/phil/vibex_secure_dataset/release/VIBEX-50K/data/train/malware/701bf3eaaf157fb948f56db2a8ecd68bbd66fdaae3014efaeff41f76c6421610.png,virusshare_00499,elf,VirusShare_c3b068cca001c48c9275942d6f553496,family_extended,,excluded_unlabelled,non_pe_mz:elf
VIBEX-50K,train,train,928f5b40ec6658cbd0d389def625df2321f8c194ad5d95728f55aa39d51855e5,95550645ce42853f4f752bfff0038f3a32d3b1b218eaa1e2512ca599fe133884,malware,unlabelled,unlabelled,,,,,/home/phil/vibex_secure_dataset/release/VIBEX-50K/data/train/malware/928f5b40ec6658cbd0d389def625df2321f8c194ad5d95728f55aa39d51855e5.png,virusshare_00499,elf,VirusShare_dd1e8b13e1d7bc87005b6951a53c3ef2,family_extended,,excluded_unlabelled,non_pe_mz:elf
VIBEX-50K,train,train,a8c307e11e4a79666249c0bde932f6f0428bc215c7daf87f86a15f7aba16ea77,f41f405fb0b7500eb749953ce6a3af29e2f19bd258646e9daadc1c9e66f23093,malware,unlabelled,unlabelled,,,,,/home/phil/vibex_secure_dataset/release/VIBEX-50K/data/train/malware/a8c307e11e4a79666249c0bde932f6f0428bc215c7daf87f86a15f7aba16ea77.png,virusshare_00499,elf,VirusShare_4852f03ea8f3a17613a4998378a5507f,family_extended,,excluded_unlabelled,non_pe_mz:elf
VIBEX-50K,train,train,761108b05b70757c365bd90b87ad7bc72cdd7346f3c2884fd034c77340208d13,bc80495d8069d78293defddcda4490b292b31e97f1e44cf65f2542e7f632c751,malware,unlabelled,unlabelled,,,,,/home/phil/vibex_secure_dataset/release/VIBEX-50K/data/train/malware/761108b05b70757c365bd90b87ad7bc72cdd7346f3c2884fd034c77340208d13.png,virusshare_00499,elf,VirusShare_2a1db7fa2ebac8bb3eec13afe133930b,family_extended,,excluded_unlabelled,non_pe_mz:elf
VIBEX-50K,train,train,dea36503e333a8e510e4f8f3b417c2ea2010c5d531b75a2ff65e8e1974e8acf7,88b0b09d1a1ce859fa4c6350361dcf83d8c442ace77f95344bd3230b06a1c716,malware,unlabelled,unlabelled,,,,,/home/phil/vibex_secure_dataset/release/VIBEX-50K/data/train/malware/dea36503e333a8e510e4f8f3b417c2ea2010c5d531b75a2ff65e8e1974e8acf7.png,virusshare_00499,elf,VirusShare_0b4ede5e84884e089f0acac21ae328f3,family_extended,,excluded_unlabelled,non_pe_mz:elf
VIBEX-50K,train,train,c05efd103507c8f7f0d5fe88c3150203e05ec2da19c7d86c997b5bebaf85777f,780e363afba2cce0b526a9ccbea0aae33c66a18328702a9caf17c646117d7e66,malware,unlabelled,unlabelled,,,,,/home/phil/vibex_secure_dataset/release/VIBEX-50K/data/train/malware/c05efd103507c8f7f0d5fe88c3150203e05ec2da19c7d86c997b5bebaf85777f.png,virusshare_00499,elf,VirusShare_fdfee60fd735b2cef9d6cb340be65b39,family_extended,,excluded_unlabelled,non_pe_mz:elf
VIBEX-50K,train,train,5286602ba389a987f3f21a5e9c16d005f36f16c9a226db8b2e73a6a225ae7f62,91556f51c27ac222a8b48cda8d98784fd52438a2394db5e7412e0a6459404f67,malware,unlabelled,unlabelled,,,,,/home/phil/vibex_secure_dataset/release/VIBEX-50K/data/train/malware/5286602ba389a987f3f21a5e9c16d005f36f16c9a226db8b2e73a6a225ae7f62.png,virusshare_00499,elf,VirusShare_da427bca7f1543d97bfb3b9ec5d05de0,family_extended,,excluded_unlabelled,non_pe_mz:elf
VIBEX-50K,train,train,37c2ebb0d90dddc86f4c24eb42a8a982cfa5b6a09b9d9e6347f518d85c6e1786,0c0269818e16579728d858199946000b905153d9bd4257ae78bda663b8e3cdc7,malware,unlabelled,unlabelled,,,,,/home/phil/vibex_secure_dataset/release/VIBEX-50K/data/train/malware/37c2ebb0d90dddc86f4c24eb42a8a982cfa5b6a09b9d9e6347f518d85c6e1786.png,virusshare_00499,elf,VirusShare_1ead0142f9928e33af885aaa72b9c67f,family_extended,,excluded_unlabelled,non_pe_mz:elf
VIBEX-50K,train,train,33dad14abc22d4941e16cb83b3305627b9cf3e1a59380e0613873a2dacaffb5c,7deccd58e76a6942274a05c36fb42e2403509a6e359c4e8583bcf0e0e677cba6,malware,unlabelled,unlabelled,,,,,/home/phil/vibex_secure_dataset/release/VIBEX-50K/data/train/malware/33dad14abc22d4941e16cb83b3305627b9cf3e1a59380e0613873a2dacaffb5c.png,virusshare_00499,elf,VirusShare_8e22c6eca42f9d8c754c5346c47bc06c,family_extended,,excluded_unlabelled,non_pe_mz:elf
VIBEX-50K,train,train,c55f1c5d443e05378b89581daf169559a4fa036cc7da207d3aa309849eee8c9b,4881d3ce29885cd59bcdc174cd5f360fd2329d9aa7bd088b9cb591952d40c70f,malware,unlabelled,unlabelled,,,,,/home/phil/vibex_secure_dataset/release/VIBEX-50K/data/train/malware/c55f1c5d443e05378b89581daf169559a4fa036cc7da207d3aa309849eee8c9b.png,virusshare_00499,elf,VirusShare_e3ba0feb93795d8de004a4fda52c9cd2,family_extended,,excluded_unlabelled,non_pe_mz:elf
VIBEX-50K,train,train,7432c3b1c03afc7edcaeedc8e1093725ba84ac1f2f01b53853670d182be9564d,b93f26821537d89e3ec2be4cc3bf59118cd0adfed24e94178643a68996d86489,malware,unlabelled,unlabelled,,,,,/home/phil/vibex_secure_dataset/release/VIBEX-50K/data/train/malware/7432c3b1c03afc7edcaeedc8e1093725ba84ac1f2f01b53853670d182be9564d.png,virusshare_00499,elf,VirusShare_609778f6002d638bae857efac2f2996a,family_extended,,excluded_unlabelled,non_pe_mz:elf
VIBEX-50K,train,train,eafc759a789c50b5c703937e2db2eb2479323116d44d929119df52507476b1b0,066e881cf4197c1379a12bf454e0e0903d75955ca6e84826a5a97deabd3ef516,malware,unlabelled,unlabelled,,,,,/home/phil/vibex_secure_dataset/release/VIBEX-50K/data/train/malware/eafc759a789c50b5c703937e2db2eb2479323116d44d929119df52507476b1b0.png,virusshare_00499,elf,VirusShare_02eccb03d554f87b4bbcc8db445ad489,family_extended,,excluded_unlabelled,non_pe_mz:elf
VIBEX-50K,train,train,d5837ce670bcdf565e7648f0d43bad6232292163c3a123bfa108ee319e7df373,cc985178145be78219b5dc69daaf0645a016d01dedc079c64a2b1c40ce23a6d7,malware,unlabelled,unlabelled,,,,,/home/phil/vibex_secure_dataset/release/VIBEX-50K/data/train/malware/d5837ce670bcdf565e7648f0d43bad6232292163c3a123bfa108ee319e7df373.png,virusshare_00499,elf,VirusShare_bf399c2bcc08a984bd1e01fb714a4f81,family_extended,,excluded_unlabelled,non_pe_mz:elf
VIBEX-50K,train,train,391e83711ea157313cd635b06d906f977cf84bbb46fd1f73cfc96dcbb9a76854,bdeaa6766570025311a83c5f2bb0e595fc955f016fe9f9b172a5eb949723f64d,malware,unlabelled,unlabelled,,,,,/home/phil/vibex_secure_dataset/release/VIBEX-50K/data/train/malware/391e83711ea157313cd635b06d906f977cf84bbb46fd1f73cfc96dcbb9a76854.png,virusshare_00499,elf,VirusShare_1b6ed30a53fb3f5d5e1c21d28e45b6aa,family_extended,,excluded_unlabelled,non_pe_mz:elf
VIBEX-50K,train,train,a8904b47d0f0e39852e7769b1f54d0f76454ae900bd1e00d139614452e139e2a,0240084f4d96546cf816d76d5da336c114738a237be49a2e2f7a16bb9d29588a,malware,unlabelled,unlabelled,,,,,/home/phil/vibex_secure_dataset/release/VIBEX-50K/data/train/malware/a8904b47d0f0e39852e7769b1f54d0f76454ae900bd1e00d139614452e139e2a.png,virusshare_00499,elf,VirusShare_12816dcf7782d8c8b98ba96453e73b49,family_extended,,excluded_unlabelled,non_pe_mz:elf
VIBEX-50K,train,train,aa8d601b207b76199edeb54392448f0c5d0bd50216917d91c171935456c8ea39,5f160d999c6ca9507f601ed9ea55088d60f00b6ed0596c40435f3fecd69bb2c7,malware,unlabelled,unlabelled,,,,,/home/phil/vibex_secure_dataset/release/VIBEX-50K/data/train/malware/aa8d601b207b76199edeb54392448f0c5d0bd50216917d91c171935456c8ea39.png,virusshare_00499,elf,VirusShare_69abcd6b2f6032dff5ca769fc4b4bbdf,family_extended,,excluded_unlabelled,non_pe_mz:elf
VIBEX-50K,train,train,c6558b2fc9b2ce11a365e946f85071545c034581acd361d2a538ef48cc10906b,c7b2598773c18057d05c6ae23edc42eb27afbff80ee977bd3b7e9aff617b785f,malware,unlabelled,unlabelled,,,,,/home/phil/vibex_secure_dataset/release/VIBEX-50K/data/train/malware/c6558b2fc9b2ce11a365e946f85071545c034581acd361d2a538ef48cc10906b.png,virusshare_00499,elf,VirusShare_48569a5ffb0f2cc0d5f3c7442c249792,family_extended,,excluded_unlabelled,non_pe_mz:elf
VIBEX-50K,train,train,91026c93c8987c5b7a5ff17522af3c931b256504fea381270d8c3f1516e9882f,59c19eed6b20ae901cda88098e3f4156e1ee6a755967ebf02a1675074b6cd5ad,malware,unlabelled,unlabelled,,,,,/home/phil/vibex_secure_dataset/release/VIBEX-50K/data/train/malware/91026c93c8987c5b7a5ff17522af3c931b256504fea381270d8c3f1516e9882f.png,virusshare_00499,elf,VirusShare_a40da8f3d2ad1e09b70f4fb003349ac5,family_extended,,excluded_unlabelled,non_pe_mz:elf
VIBEX-50K,train,train,ba9c1163848a262edd4a7bf9f9b4af96594232afb5499f979e2169e707be7da3,136253c08f482beed6f2b5c988e5e391a0b8757c3eca13ebd30cb8a91ab7cbcf,malware,unlabelled,unlabelled,,,,,/home/phil/vibex_secure_dataset/release/VIBEX-50K/data/train/malware/ba9c1163848a262edd4a7bf9f9b4af96594232afb5499f979e2169e707be7da3.png,virusshare_00499,elf,VirusShare_ffe73e7019c29a692439a0652c71cd99,family_extended,,excluded_unlabelled,non_pe_mz:elf
VIBEX-50K,train,train,50aea936b06ead9afc1877f47d2640247f9675a62e6b6921ac1c1726eab20085,9d6870e57a9ed164fb97c393f21049ad735eb81dfb36d43091cf5531183fa613,malware,unlabelled,unlabelled,,,,,/home/phil/vibex_secure_dataset/release/VIBEX-50K/data/train/malware/50aea936b06ead9afc1877f47d2640247f9675a62e6b6921ac1c1726eab20085.png,virusshare_00499,elf,VirusShare_b7fa9713c5e247c34f1c2e6a7da8901d,family_extended,,excluded_unlabelled,non_pe_mz:elf
VIBEX-50K,train,train,9a868e1a9d35dcf8b2f27125310a0ccfb3881dea817ccdff6156b975a59d0ab7,9aa4364dc07b040106fa13acfc5973052082f800f9f96e093bdb266be6d6303a,malware,vmsplice,labelled,4,8,0.5,/home/phil/vibex_secure_dataset/evidence/virustotal/VIBEX-50K/9a868e1a9d35dcf8b2f27125310a0ccfb3881dea817ccdff6156b975a59d0ab7.json,/home/phil/vibex_secure_dataset/release/VIBEX-50K/data/train/malware/9a868e1a9d35dcf8b2f27125310a0ccfb3881dea817ccdff6156b975a59d0ab7.png,virusshare_00499,elf,VirusShare_77a2e362c329048edb4952ba2332e170,family_extended,,excluded_unstable_family,non_pe_mz:elf
VIBEX-50K,train,train,48ed2b84d3b4ccfa9a1b0fdee1c6b45bd346ab48a7a4270369ee2b367af0810d,4eb75e59f745d32c25539aec762e1216d43e2543f3ce0e3c5ed5783a6177a272,malware,unlabelled,unlabelled,,,,,/home/phil/vibex_secure_dataset/release/VIBEX-50K/data/train/malware/48ed2b84d3b4ccfa9a1b0fdee1c6b45bd346ab48a7a4270369ee2b367af0810d.png,virusshare_00499,elf,VirusShare_baec575bef7a2489212d199c2df73479,family_extended,,excluded_unlabelled,non_pe_mz:elf
VIBEX-50K,train,train,40a427b64c81e9a34a6f73388d27daf448ee204c0b913ceeda0ffe1cc6fde8d9,713479f4ddd792eb9ca903fbd434ec4b79d77bfd5548158ae7bb62402500d582,malware,unlabelled,unlabelled,,,,,/home/phil/vibex_secure_dataset/release/VIBEX-50K/data/train/malware/40a427b64c81e9a34a6f73388d27daf448ee204c0b913ceeda0ffe1cc6fde8d9.png,virusshare_00499,elf,VirusShare_3f7bca243c879c2a31d55ff2ea1cf632,family_extended,,excluded_unlabelled,non_pe_mz:elf
VIBEX-50K,train,train,9f06b19205d647d9427a57aa1ec0b5fa0a46174d01e110e880175f6406a28629,f89bfe71ed4f0597742ebf25a2bdbdcd6798d4f19ff984f7123b018aab8808de,malware,unlabelled,unlabelled,,,,,/home/phil/vibex_secure_dataset/release/VIBEX-50K/data/train/malware/9f06b19205d647d9427a57aa1ec0b5fa0a46174d01e110e880175f6406a28629.png,virusshare_00499,elf,VirusShare_8ca2a63723208d0d29022e675fabcd4d,family_extended,,excluded_unlabelled,non_pe_mz:elf
VIBEX-50K,train,train,8d2ae23a0cb862ad828715fe92bb43765ea1818edcc690e8ea53bbdce9a93b2e,c9f8aa6f9ec5123ff4a1df80290baf42c40cbf3c8a5faf4425e314002c3d4a2e,malware,unlabelled,unlabelled,,,,,/home/phil/vibex_secure_dataset/release/VIBEX-50K/data/train/malware/8d2ae23a0cb862ad828715fe92bb43765ea1818edcc690e8ea53bbdce9a93b2e.png,virusshare_00499,elf,VirusShare_bc57224ce134c67b64324e1cbedd9192,family_extended,,excluded_unlabelled,non_pe_mz:elf
VIBEX-50K,train,train,461d4b89109dd90a5b4063b89a25320bfd1bb408698c7977cccc118caac734c2,f1a2d3213266f0447c324b05d36bd5532674c921d5ef59cc4bced7dda9b4cd9f,malware,unlabelled,unlabelled,,,,,/home/phil/vibex_secure_dataset/release/VIBEX-50K/data/train/malware/461d4b89109dd90a5b4063b89a25320bfd1bb408698c7977cccc118caac734c2.png,virusshare_00499,elf,VirusShare_2c38538b688873e9b2e88999beae6572,family_extended,,excluded_unlabelled,non_pe_mz:elf
VIBEX-50K,train,train,7724b8875295ead915a11997d1bb7fc0251e215a9ba846657f8ad1a72079d080,6f747ab992ff1c99336e0096e256fa9e0a20bc4d57c8a9cfabf5f20d07be6b1b,malware,unlabelled,unlabelled,,,,,/home/phil/vibex_secure_dataset/release/VIBEX-50K/data/train/malware/7724b8875295ead915a11997d1bb7fc0251e215a9ba846657f8ad1a72079d080.png,virusshare_00499,elf,VirusShare_a1a995860df51837fc7f666fa5c5e88e,family_extended,,excluded_unlabelled,non_pe_mz:elf
VIBEX-50K,train,train,4c6ef1a02e860eb8f7c4ef12a4ce9f67a1e5c19826149c2f945fc519fff8633b,3ea3e7e72382e1a5be1184cae4a5f5b4b49b374a40f85d93d45eecbf50ce16de,malware,unlabelled,unlabelled,,,,,/home/phil/vibex_secure_dataset/release/VIBEX-50K/data/train/malware/4c6ef1a02e860eb8f7c4ef12a4ce9f67a1e5c19826149c2f945fc519fff8633b.png,virusshare_00499,elf,VirusShare_3c4a6778bd89c6fded922bc7922e4f70,family_extended,,excluded_unlabelled,non_pe_mz:elf
VIBEX-50K,train,train,cb0efc7151a4c83b3df0b23246d290b5fcfce2669c6d09723580bfaaf2ab5bcc,b0fe33b8bd6d9292e8a529b0613ea7d85f6f97398de56df61898eafd63ad889a,malware,unlabelled,unlabelled,,,,,/home/phil/vibex_secure_dataset/release/VIBEX-50K/data/train/malware/cb0efc7151a4c83b3df0b23246d290b5fcfce2669c6d09723580bfaaf2ab5bcc.png,virusshare_00499,elf,VirusShare_efb228a1867c1530037718fb43c949d5,family_extended,,excluded_unlabelled,non_pe_mz:elf
VIBEX-50K,train,train,6aca947cb81cf2a18f829c16c6e9cf64c82571797a1a9090550981840cb80478,1e6ac91625e9b5c6d027b8afa450ac824887ec96e3c2ceb78d18d8e08cbfcd41,malware,unlabelled,unlabelled,,,,,/home/phil/vibex_secure_dataset/release/VIBEX-50K/data/train/malware/6aca947cb81cf2a18f829c16c6e9cf64c82571797a1a9090550981840cb80478.png,virusshare_00499,elf,VirusShare_1ef6d36600565f2b762eee6b59b484d5,family_extended,,excluded_unlabelled,non_pe_mz:elf
VIBEX-50K,train,train,6fee55032c25ae4a055fe591208d5c7b59bdb2981af10a46c888e275224ebffd,d65af569490271799d2ec73d6e421f432906c6513dee211a93e7a422ff93c1af,malware,unlabelled,unlabelled,,,,,/home/phil/vibex_secure_dataset/release/VIBEX-50K/data/train/malware/6fee55032c25ae4a055fe591208d5c7b59bdb2981af10a46c888e275224ebffd.png,virusshare_00499,elf,VirusShare_cb40eac2ed820101a875a65a9bb20384,family_extended,,excluded_unlabelled,non_pe_mz:elf
VIBEX-50K,train,train,c3480614e47ea641cdeb7e06a11c48f5b849a971af157fd92119e627665ffee4,de5cf16c72b8bb7f7ee0b5b08f0cacc9592bd237618b8676421546b206a5a833,malware,unlabelled,unlabelled,,,,,/home/phil/vibex_secure_dataset/release/VIBEX-50K/data/train/malware/c3480614e47ea641cdeb7e06a11c48f5b849a971af157fd92119e627665ffee4.png,virusshare_00499,elf,VirusShare_0e6d3a63f330f36f487b8b1e23369cee,family_extended,,excluded_unlabelled,non_pe_mz:elf
VIBEX-50K,train,train,81438245a364d9cc1c065229d8f72643117263b6c3a672a4c656fef48c92a237,ec91004e0f64e15a448ae28e19dee3f66af2e63069f5377b018b06c7f8258543,malware,unlabelled,unlabelled,,,,,/home/phil/vibex_secure_dataset/release/VIBEX-50K/data/train/malware/81438245a364d9cc1c065229d8f72643117263b6c3a672a4c656fef48c92a237.png,virusshare_00499,elf,VirusShare_c51b920e8021fe9fd233ac80f7f8bf85,family_extended,,excluded_unlabelled,non_pe_mz:elf
VIBEX-50K,train,train,1e64187b5e3b5fe71d34ea555ff31961404adad83f8e0bd1ce0aad056a878d73,960f465641626d738eff5506f8e728e7037693146b69ce7e0319838bc372a319,malware,unlabelled,unlabelled,,,,,/home/phil/vibex_secure_dataset/release/VIBEX-50K/data/train/malware/1e64187b5e3b5fe71d34ea555ff31961404adad83f8e0bd1ce0aad056a878d73.png,virusshare_00499,elf,VirusShare_600d890e993355b8f9306164183867a0,family_extended,,excluded_unlabelled,non_pe_mz:elf
VIBEX-50K,train,train,42d71ad108befa9230f9d4ac28d874edea85193da27469b97ced137e7042c356,362c63e35fa842eed448dcb88785804106bb1a2de566b2a6bac5dfd5c28f7eac,malware,unlabelled,unlabelled,,,,,/home/phil/vibex_secure_dataset/release/VIBEX-50K/data/train/malware/42d71ad108befa9230f9d4ac28d874edea85193da27469b97ced137e7042c356.png,virusshare_00499,elf,VirusShare_8d08b002b6e90d45634989ac6452f8da,family_extended,,excluded_unlabelled,non_pe_mz:elf
VIBEX-50K,train,train,bc72a24ee303b2fdef7107a2efae90f364fb8fb9ea4e11e279e1a70bb070e177,bc8910953331b37c84191132d49553cde37d980c3dff2d807a63d1d17099921a,malware,unlabelled,unlabelled,,,,,/home/phil/vibex_secure_dataset/release/VIBEX-50K/data/train/malware/bc72a24ee303b2fdef7107a2efae90f364fb8fb9ea4e11e279e1a70bb070e177.png,virusshare_00499,elf,VirusShare_0cac3301f3805b3918f6acb268c67f52,family_extended,,excluded_unlabelled,non_pe_mz:elf
VIBEX-50K,train,train,3e9feb9723dedeec05d2aeef59c49d2a97c3eb4018c1d008ea8ae8644d045a56,e25d4358bd9ca5ce06b943ff2ae84bc07b54599aa68c484f3d9acfda33599910,malware,unlabelled,unlabelled,,,,,/home/phil/vibex_secure_dataset/release/VIBEX-50K/data/train/malware/3e9feb9723dedeec05d2aeef59c49d2a97c3eb4018c1d008ea8ae8644d045a56.png,virusshare_00499,elf,VirusShare_db06f25570801c47a03b81b58ad60f18,family_extended,,excluded_unlabelled,non_pe_mz:elf
VIBEX-50K,train,train,9be446426e4f185fe6adddfb7f054f00727f92f8c827b12d5bc3c7f73faeb11a,2286e78f2fe1aa6e3310c1fa69cf65168529d2001a95eb08080171e2fee007dd,malware,unlabelled,unlabelled,,,,,/home/phil/vibex_secure_dataset/release/VIBEX-50K/data/train/malware/9be446426e4f185fe6adddfb7f054f00727f92f8c827b12d5bc3c7f73faeb11a.png,virusshare_00499,elf,VirusShare_5ef05ff92524f27a7f9fcd03b4e059cf,family_extended,,excluded_unlabelled,non_pe_mz:elf
VIBEX-50K,train,train,bb47a9df2e7f72e4fb68f1a613a84e77ce26a8d7bc044d245e2ec039574565f3,171f767f41e94a98fe0f9cfb2f14f0e866876fe5be6c52812068c969eca24d24,malware,unlabelled,unlabelled,,,,,/home/phil/vibex_secure_dataset/release/VIBEX-50K/data/train/malware/bb47a9df2e7f72e4fb68f1a613a84e77ce26a8d7bc044d245e2ec039574565f3.png,virusshare_00499,elf,VirusShare_6439ae19539817a5d87bab9c10317249,family_extended,,excluded_unlabelled,non_pe_mz:elf
VIBEX-50K,train,train,f6384e463f21a1ddd33be1e5dcf825bfb073834bcca722fec592e10c32188115,2bae895f3d4fc9c7da92b22578828a061e79a69355a26515687d0ca2e995812c,malware,libprocesshider,labelled,8,26,0.307692,/home/phil/vibex_secure_dataset/evidence/virustotal/VIBEX-50K/f6384e463f21a1ddd33be1e5dcf825bfb073834bcca722fec592e10c32188115.json,/home/phil/vibex_secure_dataset/release/VIBEX-50K/data/train/malware/f6384e463f21a1ddd33be1e5dcf825bfb073834bcca722fec592e10c32188115.png,virusshare_00499,elf,VirusShare_718bd7cfb9ac93f2e85200e159628d90,family_extended,,excluded_low_support_family,non_pe_mz:elf
VIBEX-50K,train,train,4449fe421535ac3a29ca0992bf2949d04cadc56d29e91c6c5c9eb8be858dc493,35f8b7576273180a18489827cbd82a7131c6d90f7df2fc99f523a0822c4ed8e7,malware,unlabelled,unlabelled,,,,,/home/phil/vibex_secure_dataset/release/VIBEX-50K/data/train/malware/4449fe421535ac3a29ca0992bf2949d04cadc56d29e91c6c5c9eb8be858dc493.png,virusshare_00499,elf,VirusShare_cac201badbf0da51a5d843f1da5f1957,family_extended,,excluded_unlabelled,non_pe_mz:elf
VIBEX-50K,validation,train,1fc24d707b88352d6c0de5ba48cbad7107fb209859f176a6d3efa9f62e1ad886,004619ee609daadef84a91b4427396eabd91d36d44b6969e928236914b4b76fb,malware,gafgyt,labelled,9,32,0.28125,/home/phil/vibex_secure_dataset/evidence/virustotal/VIBEX-50K/1fc24d707b88352d6c0de5ba48cbad7107fb209859f176a6d3efa9f62e1ad886.json,/home/phil/vibex_secure_dataset/release/VIBEX-50K/data/train/malware/1fc24d707b88352d6c0de5ba48cbad7107fb209859f176a6d3efa9f62e1ad886.png,virusshare_00499,elf,VirusShare_7e8f5f5f1bd461ab02af1c60da32b54e,family_extended,,excluded_unstable_family,non_pe_mz:elf
VIBEX-50K,train,train,3ea0aa189e2c7602716817f5b0828bd77226f22169d2d2f21aa9478779fdc925,a81d6034d5641b6206cc7d513ee3a4ddb32f4ecde166e8c5ea9af91c3a79729a,malware,mirai,labelled,25,45,0.555556,/home/phil/vibex_secure_dataset/evidence/virustotal/VIBEX-50K/3ea0aa189e2c7602716817f5b0828bd77226f22169d2d2f21aa9478779fdc925.json,/home/phil/vibex_secure_dataset/release/VIBEX-50K/data/train/malware/3ea0aa189e2c7602716817f5b0828bd77226f22169d2d2f21aa9478779fdc925.png,virusshare_00499,elf,VirusShare_d64ff1a41eba6eb4ee705579d475f13a,family_extended,,excluded_unstable_family,non_pe_mz:elf
VIBEX-50K,train,train,081cd2bee07e2ca73c8b4dd68cf4ae8c3db0276ad275b75d29e1342648ca9db3,46a3f78a77aad767464fba758233fc70ca974a0385df6750a700c7acb0a608ae,malware,mirai,labelled,9,28,0.321429,/home/phil/vibex_secure_dataset/evidence/virustotal/VIBEX-50K/081cd2bee07e2ca73c8b4dd68cf4ae8c3db0276ad275b75d29e1342648ca9db3.json,/home/phil/vibex_secure_dataset/release/VIBEX-50K/data/train/malware/081cd2bee07e2ca73c8b4dd68cf4ae8c3db0276ad275b75d29e1342648ca9db3.png,virusshare_00499,elf,VirusShare_86ea734e85dec0ff7c57a05019303ee3,family_extended,,excluded_unstable_family,non_pe_mz:elf
VIBEX-50K,train,train,8423192c281bcc070f016d83ea8c074ca983e3401cc35a6136906e6a3b36da87,56e9411a3dfd7142919a79d1c9361ae84351db9de993a74a9253d9087d768a0f,malware,unlabelled,unlabelled,,,,,/home/phil/vibex_secure_dataset/release/VIBEX-50K/data/train/malware/8423192c281bcc070f016d83ea8c074ca983e3401cc35a6136906e6a3b36da87.png,virusshare_00499,elf,VirusShare_7978b7f0b76429667cfe9e8fd201eeed,family_extended,,excluded_unlabelled,non_pe_mz:elf
VIBEX-50K,train,train,74a33b80645d5bb2df9fcf1602a4afbd6340eb44f1ee2abed9d45d3c981385d2,e2992c28a16d48e031062bc04609aaa6a08265bec5024567394510fdb7ab7b87,malware,unlabelled,unlabelled,,,,,/home/phil/vibex_secure_dataset/release/VIBEX-50K/data/train/malware/74a33b80645d5bb2df9fcf1602a4afbd6340eb44f1ee2abed9d45d3c981385d2.png,virusshare_00499,elf,VirusShare_485baeb56cde578cdfe8f88a04e29212,family_extended,,excluded_unlabelled,non_pe_mz:elf
VIBEX-50K,train,train,1d471fb55a817e1c4a8188c9cd9432640df171afb9da62f1cb3c3b667532959a,4170b47c46247c68aef6cacf094cb24f7003a1f0e93f18802b8e4d3f628c0d8b,malware,unlabelled,unlabelled,,,,,/home/phil/vibex_secure_dataset/release/VIBEX-50K/data/train/malware/1d471fb55a817e1c4a8188c9cd9432640df171afb9da62f1cb3c3b667532959a.png,virusshare_00499,elf,VirusShare_dff145aab139566ad5ffc9f077eda917,family_extended,,excluded_unlabelled,non_pe_mz:elf
VIBEX-50K,train,train,6af155b9584f57b5be782eb8a008121158186724be156ae210f6601c001fcbe1,4cc5226dde9efa173e84c5be94ace6d9fc6ea02fb90d3dcd980eb3452064a350,malware,unlabelled,unlabelled,,,,,/home/phil/vibex_secure_dataset/release/VIBEX-50K/data/train/malware/6af155b9584f57b5be782eb8a008121158186724be156ae210f6601c001fcbe1.png,virusshare_00499,elf,VirusShare_0cc597e9a53c1c0b6c1ce8def72a9063,family_extended,,excluded_unlabelled,non_pe_mz:elf
VIBEX-50K,train,train,62ff1b0798dc6ca7ed89b7e0e9c7db551a348ee86c3d88b10cf2d9b3535cf41a,8570c9341670faf451b1647f53b1e5847efb0accb7cc7b054c37663649b3ab58,malware,unlabelled,unlabelled,,,,,/home/phil/vibex_secure_dataset/release/VIBEX-50K/data/train/malware/62ff1b0798dc6ca7ed89b7e0e9c7db551a348ee86c3d88b10cf2d9b3535cf41a.png,virusshare_00499,elf,VirusShare_30a53d8f8fa3135523f95c0df6be7855,family_extended,,excluded_unlabelled,non_pe_mz:elf
VIBEX-50K,train,train,33772d714ecf076091cf28620464db00c12a30f3b85dedb759e2e37aec650149,9409a02820215adc385dd3e781ee9a09770dd3eb09c673aa94c573d3b6c050c3,malware,unlabelled,unlabelled,,,,,/home/phil/vibex_secure_dataset/release/VIBEX-50K/data/train/malware/33772d714ecf076091cf28620464db00c12a30f3b85dedb759e2e37aec650149.png,virusshare_00499,elf,VirusShare_e4631c55b3e9b749e93decdfbc26e349,family_extended,,excluded_unlabelled,non_pe_mz:elf
VIBEX-50K,train,train,3ccab35962e2a1a9cd176a057658db95c56f0388df5d0bc22057b8f5e2186f2e,a36cd72da0699f7532d8913fdb80f608c7f5bf20fe6801ee3fcfb7f813d30174,malware,mirai,labelled,18,19,0.947368,/home/phil/vibex_secure_dataset/evidence/virustotal/VIBEX-50K/3ccab35962e2a1a9cd176a057658db95c56f0388df5d0bc22057b8f5e2186f2e.json,/home/phil/vibex_secure_dataset/release/VIBEX-50K/data/train/malware/3ccab35962e2a1a9cd176a057658db95c56f0388df5d0bc22057b8f5e2186f2e.png,virusshare_00499,elf,VirusShare_5fb570e2d7234d5a41c6dc12a4e3523c,family_extended,,excluded_unstable_family,non_pe_mz:elf
VIBEX-50K,train,train,d0e8889fc93df2af2a9fe9b54ae7fde83455932dc6b7f4e79e36dcc049fbca0e,4e8b0bfec06e41ccf6dd2b4de47c33c46319ce722e297fad76381de50d966c23,malware,unlabelled,unlabelled,,,,,/home/phil/vibex_secure_dataset/release/VIBEX-50K/data/train/malware/d0e8889fc93df2af2a9fe9b54ae7fde83455932dc6b7f4e79e36dcc049fbca0e.png,virusshare_00499,elf,VirusShare_3086e815a4b61d8a1ee85cc44f60a52d,family_extended,,excluded_unlabelled,non_pe_mz:elf
VIBEX-50K,train,train,569a6726711c74144d6722fe2ec454b7c4089a187bed3f10fe476019cc185033,4999bd2ee6916cac7b862e6f0549fa1e1eb32474da649848ae525f5ffeaa4204,malware,unlabelled,unlabelled,,,,,/home/phil/vibex_secure_dataset/release/VIBEX-50K/data/train/malware/569a6726711c74144d6722fe2ec454b7c4089a187bed3f10fe476019cc185033.png,virusshare_00499,elf,VirusShare_d3dfd82a3d6c58b8870691af6167aebd,family_extended,,excluded_unlabelled,non_pe_mz:elf
VIBEX-50K,train,train,6aa15a6d3106b29f9158a11c6a6703a41bc5527700712f625175714f6946ddf4,6beb38d5bd87d6fe56c8b0c0b655657476fe5b741f62fcd39a8814c2c05c7b2d,malware,unlabelled,unlabelled,,,,,/home/phil/vibex_secure_dataset/release/VIBEX-50K/data/train/malware/6aa15a6d3106b29f9158a11c6a6703a41bc5527700712f625175714f6946ddf4.png,virusshare_00499,elf,VirusShare_ba1951098b34d2b13fc2e01d190e5032,family_extended,,excluded_unlabelled,non_pe_mz:elf
VIBEX-50K,train,train,2386c1844483a90c223b5c90e62422cd8117f5753afc4c7a3ad12ccd2f35f2d3,d7b910d7d3b2fad724f8f11f6364757429ce22c318515819ea90ca0a89999d50,malware,gafgyt,labelled,16,37,0.432432,/home/phil/vibex_secure_dataset/evidence/virustotal/VIBEX-50K/2386c1844483a90c223b5c90e62422cd8117f5753afc4c7a3ad12ccd2f35f2d3.json,/home/phil/vibex_secure_dataset/release/VIBEX-50K/data/train/malware/2386c1844483a90c223b5c90e62422cd8117f5753afc4c7a3ad12ccd2f35f2d3.png,virusshare_00499,elf,VirusShare_27158da548c87f41fd67ade68e625f14,family_extended,,excluded_unstable_family,non_pe_mz:elf
VIBEX-50K,train,train,eef687f2242aee0a169f7913a1f12dceb0a89a3c10f3f1a4cff8466c84b9f678,b02323a3de097450e1ff8bf12eed6623dd6b49499a1d05377a6a482b5e4363c2,malware,unlabelled,unlabelled,,,,,/home/phil/vibex_secure_dataset/release/VIBEX-50K/data/train/malware/eef687f2242aee0a169f7913a1f12dceb0a89a3c10f3f1a4cff8466c84b9f678.png,virusshare_00499,elf,VirusShare_7f242e397963e32c9f575d39437c99d6,family_extended,,excluded_unlabelled,non_pe_mz:elf
VIBEX-50K,train,train,a58ef249e9984a0a0ade5b42cc09de1a7baa738999563b4f790ed0505eef52e1,3ab8aea566f7421df2ea39e8aa9e5d4416a01764a580d4c1aef43fe5b461d040,malware,unlabelled,unlabelled,,,,,/home/phil/vibex_secure_dataset/release/VIBEX-50K/data/train/malware/a58ef249e9984a0a0ade5b42cc09de1a7baa738999563b4f790ed0505eef52e1.png,virusshare_00499,elf,VirusShare_aa8d244a005b943b0e53e8ebeacf365d,family_extended,,excluded_unlabelled,non_pe_mz:elf
VIBEX-50K,train,train,a9cdf7403c782e21946fdf378adb5b5df6ce236717d9b546e940dc7abed24676,09e0d6be4011229ffb251bab7d4b7cd83db0e6928fed621450c22b754009130a,malware,unlabelled,unlabelled,,,,,/home/phil/vibex_secure_dataset/release/VIBEX-50K/data/train/malware/a9cdf7403c782e21946fdf378adb5b5df6ce236717d9b546e940dc7abed24676.png,virusshare_00499,elf,VirusShare_84bcb009115c0129681703ae1af5a5a0,family_extended,,excluded_unlabelled,non_pe_mz:elf
VIBEX-50K,train,train,23c64cd813bcb30a7bfbc1de4fe45d33af171132632a08b7f3d884af627ee1a7,1c5a5474ec80fb3aa6c50400cf7edaacd4abd4708eb933b2cd7db7428e8c2222,malware,unlabelled,unlabelled,,,,,/home/phil/vibex_secure_dataset/release/VIBEX-50K/data/train/malware/23c64cd813bcb30a7bfbc1de4fe45d33af171132632a08b7f3d884af627ee1a7.png,virusshare_00499,elf,VirusShare_76c23a717c1e7c2a3b570febbfed9cb5,family_extended,,excluded_unlabelled,non_pe_mz:elf
VIBEX-50K,train,train,64c90fb3d1fb2582d3d978e7bc8d960ada8dad8443a6f9156454ab5d30e7f5dd,dcc56ff9a36a83288fe38a8358a909f9cee5a6ec5eea8c66d1ac065b4a9751f0,malware,unlabelled,unlabelled,,,,,/home/phil/vibex_secure_dataset/release/VIBEX-50K/data/train/malware/64c90fb3d1fb2582d3d978e7bc8d960ada8dad8443a6f9156454ab5d30e7f5dd.png,virusshare_00499,elf,VirusShare_2ea437a9ea82377f20bc558c30b042f9,family_extended,,excluded_unlabelled,non_pe_mz:elf
VIBEX-50K,train,train,76e35fa72ca06d33b0cf7ba5233b43d5db906955d5a62bb8305ea9437d553ecc,94dcb2d35082eeed51f790f756a67671d7c06de920080296278625295184bc0a,malware,unlabelled,unlabelled,,,,,/home/phil/vibex_secure_dataset/release/VIBEX-50K/data/train/malware/76e35fa72ca06d33b0cf7ba5233b43d5db906955d5a62bb8305ea9437d553ecc.png,virusshare_00499,elf,VirusShare_33710b4785f0572ad912cbdf3bd5e4e4,family_extended,,excluded_unlabelled,non_pe_mz:elf
VIBEX-50K,train,train,874d61242ed0493ffc8f00fa619244cb2311515208fd54abf157f615c5ca5358,6b19481d35daf6e613650fbab4d8ee86d99700e047afb0712d9eb9e3f86e0f74,malware,unlabelled,unlabelled,,,,,/home/phil/vibex_secure_dataset/release/VIBEX-50K/data/train/malware/874d61242ed0493ffc8f00fa619244cb2311515208fd54abf157f615c5ca5358.png,virusshare_00499,elf,VirusShare_99682ee6e80e3da1b9e5e97730345140,family_extended,,excluded_unlabelled,non_pe_mz:elf
VIBEX-50K,train,train,8e0f034e5449d1ed53eb17aaea2f723bf82f1e5e43296f7b51036279beafa39d,ffb52cf2fff111f8f5701410a0838c132fae7d0ab9a5844247707a16c1c56e4e,malware,unlabelled,unlabelled,,,,,/home/phil/vibex_secure_dataset/release/VIBEX-50K/data/train/malware/8e0f034e5449d1ed53eb17aaea2f723bf82f1e5e43296f7b51036279beafa39d.png,virusshare_00499,elf,VirusShare_ae88adadad983bd28d3b542cccd5b571,family_extended,,excluded_unlabelled,non_pe_mz:elf
VIBEX-50K,train,train,27b4be31d2a05170a7aa9a5c81d9c8e4412aabda2fa3a2c2a135de17842261a6,1cb5735c3751031cba4249f56633e6193b8902e7ba18e2f6ba496bc29c2694ac,malware,vmsplice,labelled,4,9,0.444444,/home/phil/vibex_secure_dataset/evidence/virustotal/VIBEX-50K/27b4be31d2a05170a7aa9a5c81d9c8e4412aabda2fa3a2c2a135de17842261a6.json,/home/phil/vibex_secure_dataset/release/VIBEX-50K/data/train/malware/27b4be31d2a05170a7aa9a5c81d9c8e4412aabda2fa3a2c2a135de17842261a6.png,virusshare_00499,elf,VirusShare_efdb7f9b2d97e608c0068944e849d253,family_extended,,excluded_unstable_family,non_pe_mz:elf
VIBEX-50K,train,train,0da5cadfeab6ec48a4d76eb92d882a22efa2357ae76d0a2f63dcc2a36a9593fa,726427f041f15cb4405c9c26745bb0d93dabd414189e22a1d628420b2e0c9760,malware,unlabelled,unlabelled,,,,,/home/phil/vibex_secure_dataset/release/VIBEX-50K/data/train/malware/0da5cadfeab6ec48a4d76eb92d882a22efa2357ae76d0a2f63dcc2a36a9593fa.png,virusshare_00499,elf,VirusShare_5b297ee689440b0a3c43383c8b80f468,family_extended,,excluded_unlabelled,non_pe_mz:elf
VIBEX-50K,train,train,bddc5a2605d4d8adff58e52f83000f536a64b84815f088e5ecce842a0ac8493c,d12e67123d326fce75f1c2a904c263af4b9938dfbae337fd694c0d751f606e54,malware,unlabelled,unlabelled,,,,,/home/phil/vibex_secure_dataset/release/VIBEX-50K/data/train/malware/bddc5a2605d4d8adff58e52f83000f536a64b84815f088e5ecce842a0ac8493c.png,virusshare_00499,elf,VirusShare_3a0625912f93b34a5b39f9879ae9da25,family_extended,,excluded_unlabelled,non_pe_mz:elf
VIBEX-50K,train,train,39385740e19d81834a87b95c13f8b749f99d8d9370a8cd028149aad7ce92308c,e3dabd74de4ce53f97611fab030c536c0a2c53bee43a5453f82985ce18086b6e,malware,223038,labelled,6,32,0.1875,/home/phil/vibex_secure_dataset/evidence/virustotal/VIBEX-50K/39385740e19d81834a87b95c13f8b749f99d8d9370a8cd028149aad7ce92308c.json,/home/phil/vibex_secure_dataset/release/VIBEX-50K/data/train/malware/39385740e19d81834a87b95c13f8b749f99d8d9370a8cd028149aad7ce92308c.png,virusshare_00499,elf,VirusShare_9b33b1ad9774c4ffce988770e9cfde59,family_extended,,excluded_unstable_family,non_pe_mz:elf
VIBEX-50K,train,train,b186277bc05ec832d76a52a9aa1b9fdb5bfcc1fb71ddc042078490536000d1c1,91551e36061cc93ec97a1c2f9bc2a5f430f80cedb20d7c873febc25143ea4206,malware,unlabelled,unlabelled,,,,,/home/phil/vibex_secure_dataset/release/VIBEX-50K/data/train/malware/b186277bc05ec832d76a52a9aa1b9fdb5bfcc1fb71ddc042078490536000d1c1.png,virusshare_00499,elf,VirusShare_eb55b7e1479956e9dd71442725d1c3bf,family_extended,,excluded_unlabelled,non_pe_mz:elf
VIBEX-50K,train,train,4e9f9d921c5fca1fbf55b2d694423d067d768fed7fa02fc3b38554501bdd6a13,8f3533def0b39815500234b5d61f5caa424c7ade408137f5a6b2bd410e678a75,malware,unlabelled,unlabelled,,,,,/home/phil/vibex_secure_dataset/release/VIBEX-50K/data/train/malware/4e9f9d921c5fca1fbf55b2d694423d067d768fed7fa02fc3b38554501bdd6a13.png,virusshare_00499,elf,VirusShare_8ffa779edf829522261202156035e968,family_extended,,excluded_unlabelled,non_pe_mz:elf
VIBEX-50K,train,train,28708524a0409fa372c828dfc817712c2aef6e46e60d630efb1121cb2492465b,30dca8b6db316e1c502839e4acbcc8a3a67fc62925b97382d90ebcc7aba6e8df,malware,unlabelled,unlabelled,,,,,/home/phil/vibex_secure_dataset/release/VIBEX-50K/data/train/malware/28708524a0409fa372c828dfc817712c2aef6e46e60d630efb1121cb2492465b.png,virusshare_00499,elf,VirusShare_96d2b3cac8502bbf45bbb74032572930,family_extended,,excluded_unlabelled,non_pe_mz:elf
VIBEX-50K,train,train,c95089c489251a9102f8da0baabfd0ce41853b106bf50732f31cd5d5e0f00b45,eeb9ecdd2c83f4d406bd807632b3d65558428db4845d494ebf9ac872880a61dd,malware,unlabelled,unlabelled,,,,,/home/phil/vibex_secure_dataset/release/VIBEX-50K/data/train/malware/c95089c489251a9102f8da0baabfd0ce41853b106bf50732f31cd5d5e0f00b45.png,virusshare_00499,elf,VirusShare_7dfe6c2dc5139bfc24c37252f95f5662,family_extended,,excluded_unlabelled,non_pe_mz:elf
VIBEX-50K,train,train,5dd35163d84179e7f21e900343b07047e1385f0bd87a8aac7b32fac6c74a5628,f0ffc5ad10f7550e0835917f64cfc6f229a4a0aa4da9b323163fbe371ca090ee,malware,ladvix,labelled,11,39,0.282051,/home/phil/vibex_secure_dataset/evidence/virustotal/VIBEX-50K/5dd35163d84179e7f21e900343b07047e1385f0bd87a8aac7b32fac6c74a5628.json,/home/phil/vibex_secure_dataset/release/VIBEX-50K/data/train/malware/5dd35163d84179e7f21e900343b07047e1385f0bd87a8aac7b32fac6c74a5628.png,virusshare_00499,elf,VirusShare_f09c986ec05558ae40b06b1eac413a7f,family_extended,,excluded_unstable_family,non_pe_mz:elf
VIBEX-50K,train,train,025e20ccaae1699bf62211f26c0b99d149fb01e2ef06f167c49277cee70b9401,90ea04bfc8d78064d111431d7f462c00f7788095a27fb1948cf7a998c966fa1f,malware,gafgyt,labelled,5,11,0.454545,/home/phil/vibex_secure_dataset/evidence/virustotal/VIBEX-50K/025e20ccaae1699bf62211f26c0b99d149fb01e2ef06f167c49277cee70b9401.json,/home/phil/vibex_secure_dataset/release/VIBEX-50K/data/train/malware/025e20ccaae1699bf62211f26c0b99d149fb01e2ef06f167c49277cee70b9401.png,virusshare_00499,elf,VirusShare_f10b33ef80030f6951c7f953ded72299,family_extended,,excluded_unstable_family,non_pe_mz:elf
VIBEX-50K,train,train,3c0fcf3b12a29a006f4903e0a2f62c927b870620c98ad634453aa5341c1584ca,3fcad870939863127176de72b912cbd6487bfa32fd7939a9a4ad12904f681110,malware,unlabelled,unlabelled,,,,,/home/phil/vibex_secure_dataset/release/VIBEX-50K/data/train/malware/3c0fcf3b12a29a006f4903e0a2f62c927b870620c98ad634453aa5341c1584ca.png,virusshare_00499,elf,VirusShare_e825a0850ec5fadcbe1eb97f58b0bb25,family_extended,,excluded_unlabelled,non_pe_mz:elf
VIBEX-50K,train,train,bef04cd8bc412b87fab3ab2251de2af8e0791436ce463b5e12c4371271682a7d,168f44e10e685f602f294e1dbc228b2e7e2a33e3f1457aa768c30e6218699ee6,malware,unlabelled,unlabelled,,,,,/home/phil/vibex_secure_dataset/release/VIBEX-50K/data/train/malware/bef04cd8bc412b87fab3ab2251de2af8e0791436ce463b5e12c4371271682a7d.png,virusshare_00499,elf,VirusShare_b5c837e2219e0a242af23418e79ca2bd,family_extended,,excluded_unlabelled,non_pe_mz:elf
VIBEX-50K,train,train,23719fb7c7dafd85c819903a7c2ae5527bf0d00d3638142cd8bd8b8c42c1b16a,2064b4720df9f9a38e9c7cf845206ad43ffa24cde74e184a2de8a6d083100c7a,malware,unlabelled,unlabelled,,,,,/home/phil/vibex_secure_dataset/release/VIBEX-50K/data/train/malware/23719fb7c7dafd85c819903a7c2ae5527bf0d00d3638142cd8bd8b8c42c1b16a.png,virusshare_00499,elf,VirusShare_5b6c1aefe98dac88682c81ca318db3db,family_extended,,excluded_unlabelled,non_pe_mz:elf
VIBEX-50K,train,train,61c04a06d8883bc5b911f735edd81757dc0b89a84c7e970f392c4e7994972ac9,c72f734b91fe0f870f8b183fd7ff17d6199fc4f33b5fbc6eebb4a6235503719d,malware,unlabelled,unlabelled,,,,,/home/phil/vibex_secure_dataset/release/VIBEX-50K/data/train/malware/61c04a06d8883bc5b911f735edd81757dc0b89a84c7e970f392c4e7994972ac9.png,virusshare_00499,elf,VirusShare_e02f6edfb6d2d7770aba1d14065f62a6,family_extended,,excluded_unlabelled,non_pe_mz:elf
VIBEX-50K,train,train,43f35b528a4f0cdf1368388b3223fdd758d7b2ece41e725d437de4ef47f8b798,f1119e3a440650aa991d3dfee2f581f30bfdf625c97506e2c01b81225c56e610,malware,unlabelled,unlabelled,,,,,/home/phil/vibex_secure_dataset/release/VIBEX-50K/data/train/malware/43f35b528a4f0cdf1368388b3223fdd758d7b2ece41e725d437de4ef47f8b798.png,virusshare_00499,elf,VirusShare_99985b5d783e987226dd9dafe338c88b,family_extended,,excluded_unlabelled,non_pe_mz:elf
VIBEX-50K,validation,train,0795e6fcc25cb34317d8190d1ad13258e4107e221645fa4412d889ae8b518348,9e909ea7970fb6cca9aff292117698351be9524e03f65dd82e9ca236323b90a0,malware,mirai,labelled,10,30,0.333333,/home/phil/vibex_secure_dataset/evidence/virustotal/VIBEX-50K/0795e6fcc25cb34317d8190d1ad13258e4107e221645fa4412d889ae8b518348.json,/home/phil/vibex_secure_dataset/release/VIBEX-50K/data/train/malware/0795e6fcc25cb34317d8190d1ad13258e4107e221645fa4412d889ae8b518348.png,virusshare_00499,elf,VirusShare_35d0fe115960e1f4e9bac9806d5c835e,family_extended,,excluded_unstable_family,non_pe_mz:elf
VIBEX-50K,train,train,38e5d4fcd0e00f4643d367cb346efebc7809b9bcd0c03a0d11f5f7f7d1db0ed4,3318047caf1c73f9da57dfca90a5e84ffd0efd93d813241ea72b49859a60e0a2,malware,unlabelled,unlabelled,,,,,/home/phil/vibex_secure_dataset/release/VIBEX-50K/data/train/malware/38e5d4fcd0e00f4643d367cb346efebc7809b9bcd0c03a0d11f5f7f7d1db0ed4.png,virusshare_00499,elf,VirusShare_0fb28299efb52eade570a651a01e37aa,family_extended,,excluded_unlabelled,non_pe_mz:elf
VIBEX-50K,train,train,9000f6046d0d36d53e2c2ffd1c8354c28f6d14009d7db34b28035d3f5fe010c2,0c6f0182aba4c9a10c0d4c1aebe8bcfd681dbe28d3a2e3c10bf9fe9a238f18c7,malware,unlabelled,unlabelled,,,,,/home/phil/vibex_secure_dataset/release/VIBEX-50K/data/train/malware/9000f6046d0d36d53e2c2ffd1c8354c28f6d14009d7db34b28035d3f5fe010c2.png,virusshare_00499,elf,VirusShare_0ee1956b796bdec12f2c29222df2aafd,family_extended,,excluded_unlabelled,non_pe_mz:elf
VIBEX-50K,train,train,795402a39bcd981e6e8687c8761cb75c9f2d1af37d4e376ac571a680feba6e37,0be5be9adbffa5bbd49c3302c0d0a64d70d2a8612db658f25c4a961d475cec07,malware,unlabelled,unlabelled,,,,,/home/phil/vibex_secure_dataset/release/VIBEX-50K/data/train/malware/795402a39bcd981e6e8687c8761cb75c9f2d1af37d4e376ac571a680feba6e37.png,virusshare_00499,elf,VirusShare_043c75674f0ad2e3399d21f67bb412ff,family_extended,,excluded_unlabelled,non_pe_mz:elf
VIBEX-50K,train,train,982bbe56d7619676b3b2a495da40896c993d2a416dfa23b31bdb59c22f272ca6,04fe1e7c85bf2edf1374c0d3ed19746000e4929c0102959efd010f4fbcac46a6,malware,unlabelled,unlabelled,,,,,/home/phil/vibex_secure_dataset/release/VIBEX-50K/data/train/malware/982bbe56d7619676b3b2a495da40896c993d2a416dfa23b31bdb59c22f272ca6.png,virusshare_00499,elf,VirusShare_5da3ff573a5643e33ba9305148b38df9,family_extended,,excluded_unlabelled,non_pe_mz:elf
VIBEX-50K,train,train,e948de76efec63f90c10606639f7d4213abca223f668641aa80ecfe871075c83,44b93525c885fef5fefd9cc664bcd2d972e324753b347823c402a30f2db463f0,malware,unlabelled,unlabelled,,,,,/home/phil/vibex_secure_dataset/release/VIBEX-50K/data/train/malware/e948de76efec63f90c10606639f7d4213abca223f668641aa80ecfe871075c83.png,virusshare_00499,elf,VirusShare_03e378426e090f38b6f1e25a5ebfaea8,family_extended,,excluded_unlabelled,non_pe_mz:elf
VIBEX-50K,train,train,a6046b50eafed9b64ce687a9e94161ca15a98b9350e0de7b272f923fe5ca8cf4,b6e6b38939e4f2392eaaf53e5cf19a20b9c221bfc13190b1c7725486cda7bdc7,malware,unlabelled,unlabelled,,,,,/home/phil/vibex_secure_dataset/release/VIBEX-50K/data/train/malware/a6046b50eafed9b64ce687a9e94161ca15a98b9350e0de7b272f923fe5ca8cf4.png,virusshare_00499,elf,VirusShare_3b3811cc5f846bfcdaef29751524dbb1,family_extended,,excluded_unlabelled,non_pe_mz:elf
VIBEX-50K,train,train,004847a4dff9114b397a317fa56a87960b10148987b1f1c6794814f14f3d516b,374da44fe942f710396a7dd3ae23579c5b2c0b69591e4b445c40fa0aaed58bd0,malware,mirai,labelled,9,27,0.333333,/home/phil/vibex_secure_dataset/evidence/virustotal/VIBEX-50K/004847a4dff9114b397a317fa56a87960b10148987b1f1c6794814f14f3d516b.json,/home/phil/vibex_secure_dataset/release/VIBEX-50K/data/train/malware/004847a4dff9114b397a317fa56a87960b10148987b1f1c6794814f14f3d516b.png,virusshare_00499,elf,VirusShare_32a125fbae5804e9db0cc6fe617cef1d,family_extended,,excluded_unstable_family,non_pe_mz:elf
VIBEX-50K,train,train,de89f67e6a9a79c70b20e048f9bddca5c9a4f17d2ac879b1143b780d33efeaac,e182ac3d5b2a76aeaa3cd96b8f6ea465f8cf31062e0da946491cd59ef313552a,malware,unlabelled,unlabelled,,,,,/home/phil/vibex_secure_dataset/release/VIBEX-50K/data/train/malware/de89f67e6a9a79c70b20e048f9bddca5c9a4f17d2ac879b1143b780d33efeaac.png,virusshare_00499,elf,VirusShare_21f90524fd303f3c515e011844d1b051,family_extended,,excluded_unlabelled,non_pe_mz:elf
VIBEX-50K,train,train,9cae9e80866a7ae784fc1564fd24392fc81373e95416ee1a23aed1257312b3da,b220872ab14e8273b668075e158a2ccb66ddb4c3f8fb647d086c5bfb6974788f,malware,unlabelled,unlabelled,,,,,/home/phil/vibex_secure_dataset/release/VIBEX-50K/data/train/malware/9cae9e80866a7ae784fc1564fd24392fc81373e95416ee1a23aed1257312b3da.png,virusshare_00499,elf,VirusShare_6377c5fbbac24a23dc9a65fb9c6a1a2a,family_extended,,excluded_unlabelled,non_pe_mz:elf
VIBEX-50K,train,train,2e2c3d0c454481157d797b3707e48eea80f6e1d8d353cd58c812d556eac36a39,d6f8c9484541053330b7dbe4607779a33e19e8a9269f1025c52702845c12016c,malware,unlabelled,unlabelled,,,,,/home/phil/vibex_secure_dataset/release/VIBEX-50K/data/train/malware/2e2c3d0c454481157d797b3707e48eea80f6e1d8d353cd58c812d556eac36a39.png,virusshare_00499,elf,VirusShare_910c7bbf70d73461f27cf8b9e43d77e9,family_extended,,excluded_unlabelled,non_pe_mz:elf
VIBEX-50K,train,train,40680a7bcff1a1356891f7467367450c3d655b344e3f20960769b640ad681f48,9958b44104095afd2c5b8991a064dbbadf137c96b7459e8e45a7978c6c96767e,malware,unlabelled,unlabelled,,,,,/home/phil/vibex_secure_dataset/release/VIBEX-50K/data/train/malware/40680a7bcff1a1356891f7467367450c3d655b344e3f20960769b640ad681f48.png,virusshare_00499,elf,VirusShare_055e7e6ed4299ac1bdb6ade440512eb7,family_extended,,excluded_unlabelled,non_pe_mz:elf
VIBEX-50K,train,train,f44b25d862f6fc5a8cb8600a33f9d75f3498ddb599d224cb76dd09f72b076e1c,81ea63f23bfb0d13ee798da3fc2751aa962d2e7874ba4eebad5d58c1f4da1935,malware,unlabelled,unlabelled,,,,,/home/phil/vibex_secure_dataset/release/VIBEX-50K/data/train/malware/f44b25d862f6fc5a8cb8600a33f9d75f3498ddb599d224cb76dd09f72b076e1c.png,virusshare_00499,elf,VirusShare_e0c363922b23f5fe425cb78ee2135070,family_extended,,excluded_unlabelled,non_pe_mz:elf
VIBEX-50K,train,train,a8bc4a668e02f70ae37d7d21d70ed35a9a138aad7f25cb29da9386bd35cb249b,0416f87464d277365dfb15999cc7627c8bcc956507b080c2e41e8f13eabfb42d,malware,unlabelled,unlabelled,,,,,/home/phil/vibex_secure_dataset/release/VIBEX-50K/data/train/malware/a8bc4a668e02f70ae37d7d21d70ed35a9a138aad7f25cb29da9386bd35cb249b.png,virusshare_00499,elf,VirusShare_0b6e42319a25d7c857b460749a10001d,family_extended,,excluded_unlabelled,non_pe_mz:elf
VIBEX-50K,train,train,8d8cb5a10164f5084b7698c051a3798fa6017b16377bc9b2c2d3b777a109d491,208f84426924cf7bc476a379ba96fd60329750f85676f2082e94d9b567652e4f,malware,unlabelled,unlabelled,,,,,/home/phil/vibex_secure_dataset/release/VIBEX-50K/data/train/malware/8d8cb5a10164f5084b7698c051a3798fa6017b16377bc9b2c2d3b777a109d491.png,virusshare_00499,elf,VirusShare_8d32f8ac100eef2993b4aa165a23f6be,family_extended,,excluded_unlabelled,non_pe_mz:elf
VIBEX-50K,train,train,c09d71de5d5afcca17297d2749e423a1c24863400f1d0700fb869e4a8780579a,fd1a953ef68bb6b0709d6f11cc13fcaa22af5bbe485b15e0c496728efa025eac,malware,unlabelled,unlabelled,,,,,/home/phil/vibex_secure_dataset/release/VIBEX-50K/data/train/malware/c09d71de5d5afcca17297d2749e423a1c24863400f1d0700fb869e4a8780579a.png,virusshare_00499,elf,VirusShare_976ef3a5198de764700824b7f3f0b83c,family_extended,,excluded_unlabelled,non_pe_mz:elf
VIBEX-50K,train,train,fbf3b55cb0e94f71a67d9e73d5e5a762c3b6795c0e987859087ec67d3732d658,cbeacfd897835d742f738bfb325538e6943f02c3405b821afad7d19ff9ae71da,malware,unlabelled,unlabelled,,,,,/home/phil/vibex_secure_dataset/release/VIBEX-50K/data/train/malware/fbf3b55cb0e94f71a67d9e73d5e5a762c3b6795c0e987859087ec67d3732d658.png,virusshare_00499,elf,VirusShare_6e4d63d49f93ae75dbb0fd3e1572f33d,family_extended,,excluded_unlabelled,non_pe_mz:elf
VIBEX-50K,train,train,aaed4df4e13542d8b38110147d874b731b2964c454a54c2f894d010271723cdb,17fd29914068bd2cebbbe135a2104aeed880ea6c29a6c0581dc7c32812b8a202,malware,unlabelled,unlabelled,,,,,/home/phil/vibex_secure_dataset/release/VIBEX-50K/data/train/malware/aaed4df4e13542d8b38110147d874b731b2964c454a54c2f894d010271723cdb.png,virusshare_00499,elf,VirusShare_6f63395bbb8ffe001530ea0cf55d9671,family_extended,,excluded_unlabelled,non_pe_mz:elf
VIBEX-50K,train,train,e5f005bccd635ac760fc2ab19316094ebd59945ff6dcf31954a5d1a6953a2b15,56c138b9da6c44d3776f442714a494256e2e5760d2d722d61e3e92de2723713a,malware,unlabelled,unlabelled,,,,,/home/phil/vibex_secure_dataset/release/VIBEX-50K/data/train/malware/e5f005bccd635ac760fc2ab19316094ebd59945ff6dcf31954a5d1a6953a2b15.png,virusshare_00499,elf,VirusShare_efec83b257758eb8a0969cb971b086d7,family_extended,,excluded_unlabelled,non_pe_mz:elf
VIBEX-50K,train,train,a50bf46e0597f7aae092e4d87e6945a22ebd462bbb00d90bf37734bb27e32c73,bb2512f67c08e690ff8faa4e096f2ee598e554bdbbd7db095b6e0e3a022b9aa0,malware,unlabelled,unlabelled,,,,,/home/phil/vibex_secure_dataset/release/VIBEX-50K/data/train/malware/a50bf46e0597f7aae092e4d87e6945a22ebd462bbb00d90bf37734bb27e32c73.png,virusshare_00499,elf,VirusShare_1920949a18314c0c985f3a431b87dd05,family_extended,,excluded_unlabelled,non_pe_mz:elf
VIBEX-50K,train,train,e3b2b0dc3f5b18d91e523b0afed8b789beab9d65c92d4a1e9fb855d73d15b497,343e71329d9627b31fdd9e2059f53f33a1efd5efb1f4bd52b3393d516278fc22,malware,unlabelled,unlabelled,,,,,/home/phil/vibex_secure_dataset/release/VIBEX-50K/data/train/malware/e3b2b0dc3f5b18d91e523b0afed8b789beab9d65c92d4a1e9fb855d73d15b497.png,virusshare_00499,elf,VirusShare_cb0859f14a33ae07a8cca308d474a7da,family_extended,,excluded_unlabelled,non_pe_mz:elf
VIBEX-50K,train,train,73dc8a91f0d720c9226e258aced1dbbea4531217ac17ddaddad3aea22a249a85,9f24f1f3f49790aa08c55c36ae07f79178ab98a526eb9e8a868646acc5adea87,malware,unlabelled,unlabelled,,,,,/home/phil/vibex_secure_dataset/release/VIBEX-50K/data/train/malware/73dc8a91f0d720c9226e258aced1dbbea4531217ac17ddaddad3aea22a249a85.png,virusshare_00499,elf,VirusShare_09ec288678b1df6b20b59baff85f7198,family_extended,,excluded_unlabelled,non_pe_mz:elf
VIBEX-50K,train,train,b3af32fb1201ab0ff2e488fc7baa0bd0946e3648acde560965c7b4959d789eec,f65742000bfcb8ea702e2db9759b3d14faaac578216a71b39d4ce0004740cc79,malware,unlabelled,unlabelled,,,,,/home/phil/vibex_secure_dataset/release/VIBEX-50K/data/train/malware/b3af32fb1201ab0ff2e488fc7baa0bd0946e3648acde560965c7b4959d789eec.png,virusshare_00499,elf,VirusShare_3837d73ba3569bfada525a8552edf3ed,family_extended,,excluded_unlabelled,non_pe_mz:elf
VIBEX-50K,train,train,dcfa02c2c5234aa7d66d3f9a24fc709056248e5ae86c0fb742b51e334576493a,6a8109d0f8830e4cc84914fb2f0a59a1218580dc1df54347492da3c62fb029ce,malware,unlabelled,unlabelled,,,,,/home/phil/vibex_secure_dataset/release/VIBEX-50K/data/train/malware/dcfa02c2c5234aa7d66d3f9a24fc709056248e5ae86c0fb742b51e334576493a.png,virusshare_00499,elf,VirusShare_89ca63b3013bf9368ce49fa3372f750b,family_extended,,excluded_unlabelled,non_pe_mz:elf
VIBEX-50K,train,train,d3915aeddf2ffa4655ac532133a88b606a2931afec326745e1e4ff1fa86a16b0,403be93d424cf3371f504ee1f17c6064b3fc3f1d7d004b607881b27d642fbcbf,malware,unlabelled,unlabelled,,,,,/home/phil/vibex_secure_dataset/release/VIBEX-50K/data/train/malware/d3915aeddf2ffa4655ac532133a88b606a2931afec326745e1e4ff1fa86a16b0.png,virusshare_00499,elf,VirusShare_2f06d0c47811a57fa08cf6667fbb7bb3,family_extended,,excluded_unlabelled,non_pe_mz:elf
VIBEX-50K,train,train,9f8edd3db201c02cb1d44ea34c6559a42940d34a8916722baabca8088469ef65,4c89546188290fb09989c80e59928b7bededc71fce53fa0826be91007a22262d,malware,unlabelled,unlabelled,,,,,/home/phil/vibex_secure_dataset/release/VIBEX-50K/data/train/malware/9f8edd3db201c02cb1d44ea34c6559a42940d34a8916722baabca8088469ef65.png,virusshare_00499,elf,VirusShare_504233c9a4b7a44081a6e2132e25d176,family_extended,,excluded_unlabelled,non_pe_mz:elf
VIBEX-50K,train,train,fe3593e24f31c6ec25a24014697f0f46ef3d7dc44db344ea9a1211d1e4b85daf,b26d2be7a85329efc34934061cb23af0771109bd4ccf170dceb3c1c55a8b8818,malware,unlabelled,unlabelled,,,,,/home/phil/vibex_secure_dataset/release/VIBEX-50K/data/train/malware/fe3593e24f31c6ec25a24014697f0f46ef3d7dc44db344ea9a1211d1e4b85daf.png,virusshare_00499,elf,VirusShare_60b7d2f0b4fbbdab675e20895e151b79,family_extended,,excluded_unlabelled,non_pe_mz:elf
